aX,aY,aZ,gX,gY,gZ
0.951,0.257,0.119,-48.950,52.307,-7.874
0.973,0.272,0.210,-40.649,49.561,-5.676
0.969,0.255,0.193,-33.264,35.461,4.517
0.935,0.227,0.159,-28.198,22.888,11.414
0.929,0.232,0.139,-15.930,18.555,12.756
0.917,0.200,0.130,-6.531,18.311,15.991
0.940,0.177,0.113,-3.052,15.320,19.287
0.964,0.185,0.112,-3.723,8.850,20.447
0.985,0.216,0.115,-5.310,2.563,18.494
0.974,0.232,0.124,-2.808,0.061,14.954
0.947,0.243,0.146,3.723,0.671,10.010
0.943,0.249,0.148,11.108,2.502,5.249
0.934,0.253,0.123,18.372,5.310,3.052
0.935,0.233,0.100,26.245,10.742,2.930
0.954,0.206,0.077,32.227,16.663,4.395
1.007,0.176,0.093,32.410,21.240,7.812
1.056,0.193,0.068,29.175,29.968,12.817
1.189,0.236,0.115,28.992,35.278,15.686
1.298,0.195,0.201,30.273,33.020,19.409
1.406,0.275,0.150,24.414,17.517,20.264
1.534,0.308,0.151,20.996,2.686,21.729
1.610,0.317,0.143,25.391,-6.714,24.414
1.706,0.241,0.153,27.954,-14.404,25.452
1.846,0.265,0.111,22.339,-23.193,22.949
1.922,0.316,0.052,13.123,-28.809,19.592
1.968,0.371,0.014,3.723,-26.123,12.085
2.006,0.496,0.030,-2.441,-13.550,1.404
2.040,0.594,0.025,-5.981,0.183,-4.761
2.076,0.652,0.081,-7.629,15.381,-11.292
2.109,0.680,0.127,-7.996,26.611,-19.226
2.114,0.679,0.199,-7.690,30.884,-27.649
2.110,0.694,0.213,-7.141,24.170,-39.246
2.039,0.690,0.194,-5.188,10.254,-49.011
1.922,0.651,0.189,0.244,-1.282,-55.420
1.807,0.570,0.191,8.118,-7.935,-60.303
1.698,0.443,0.192,13.245,-10.559,-65.002
1.556,0.347,0.147,13.000,-10.071,-72.815
1.438,0.274,0.105,9.277,-2.991,-82.458
1.363,0.282,0.100,3.540,11.902,-93.140
1.276,0.317,0.104,-0.671,27.771,-101.990
1.207,0.274,0.107,-3.662,38.025,-105.591
1.185,0.193,0.106,-5.920,42.969,-106.934
1.151,0.182,0.100,-8.362,43.579,-108.459
1.055,0.186,0.095,-11.719,39.551,-105.469
0.967,0.171,0.117,-13.916,34.546,-97.595
0.893,0.141,0.146,-12.939,27.954,-89.294
0.805,0.099,0.129,-11.353,20.264,-83.557
0.721,0.089,0.078,-10.193,19.043,-81.665
0.662,0.083,0.043,-9.949,25.879,-81.909
0.638,0.051,0.031,-12.939,35.583,-81.299
0.610,0.055,0.035,-17.273,43.823,-82.031
0.573,0.057,0.067,-20.752,48.462,-85.205
0.521,0.069,0.080,-22.949,47.546,-88.928
0.458,0.074,0.064,-23.926,44.495,-91.431
0.404,0.019,0.055,-21.667,43.518,-92.163
0.366,0.058,0.049,-21.606,44.373,-93.506
0.308,0.083,0.020,-26.184,44.922,-92.346
0.279,0.078,0.004,-30.212,46.814,-87.463
0.305,0.064,0.024,-31.616,51.086,-81.909
0.296,0.081,0.022,-33.203,51.331,-77.271
0.279,0.104,0.021,-34.485,48.096,-73.792
0.270,0.117,0.026,-33.630,45.288,-71.899
0.238,0.100,0.023,-29.602,42.114,-68.726
0.187,0.060,0.027,-24.963,37.354,-64.331
0.149,-0.010,0.045,-21.545,33.752,-58.105
0.107,-0.066,0.031,-18.860,30.640,-51.697
0.066,-0.087,0.011,-17.334,29.480,-45.471
0.042,-0.101,-0.008,-16.418,31.616,-37.842
0.031,-0.111,-0.033,-15.503,34.058,-30.090
0.034,-0.109,-0.047,-15.442,35.095,-23.865
0.050,-0.095,-0.034,-14.832,34.485,-18.250
0.049,-0.080,-0.005,-10.925,30.701,-12.024
0.062,-0.081,0.012,-4.761,22.644,-5.249
0.100,-0.088,0.011,2.686,11.353,2.014
0.077,-0.112,-0.003,12.695,-1.587,9.399
0.052,-0.170,-0.027,22.156,-13.733,17.273
0.040,-0.239,-0.033,27.954,-22.278,25.146
0.009,-0.313,-0.035,30.396,-25.635,33.997
0.013,-0.383,-0.012,29.114,-27.527,42.847
0.030,-0.400,0.003,23.560,-30.334,50.781
0.029,-0.360,0.027,18.372,-30.945,57.251
0.029,-0.282,0.044,16.174,-29.358,64.331
0.054,-0.183,0.053,15.808,-25.696,71.533
0.134,-0.069,0.066,17.944,-21.667,77.820
0.244,0.009,0.067,23.437,-19.531,83.862
0.358,0.051,0.062,30.640,-20.325,89.661
0.478,0.080,0.046,38.330,-25.024,96.191
0.574,0.020,0.010,47.791,-30.334,101.074
0.635,-0.052,-0.011,53.223,-35.339,101.257
0.651,-0.099,-0.032,52.917,-40.466,98.816
0.647,-0.142,-0.059,50.354,-44.678,97.168
0.643,-0.119,-0.106,42.480,-46.875,97.229
0.679,-0.019,-0.130,30.579,-47.119,100.281
0.749,0.115,-0.118,18.799,-45.715,106.445
0.869,0.250,-0.092,10.071,-41.809,110.901
1.040,0.336,-0.048,4.150,-35.095,110.352
1.140,0.318,-0.019,3.113,-25.513,103.088
1.196,0.307,0.019,3.906,-14.343,91.125
1.262,0.284,0.058,5.859,-6.714,76.782
1.284,0.216,0.083,13.550,-8.240,65.430
1.314,0.113,0.062,20.447,-16.663,60.791
1.219,0.080,-0.103,19.531,-22.034,62.012
1.409,0.263,0.087,17.517,-15.198,69.580
1.331,0.314,-0.014,2.747,-33.142,96.924
1.438,0.253,-0.073,2.808,-40.222,97.229
1.638,0.342,-0.008,7.935,-32.471,82.703
1.677,0.459,0.052,4.211,-36.194,79.773
1.610,0.445,0.061,-0.977,-56.519,80.627
1.587,0.448,0.104,2.930,-70.007,70.129
1.539,0.469,0.145,9.155,-73.486,56.702
1.433,0.437,0.130,9.460,-74.219,51.392
1.383,0.374,0.101,4.333,-69.031,49.438
1.399,0.364,0.080,-3.174,-53.162,44.434
1.432,0.393,0.073,-10.376,-30.823,37.964
1.490,0.416,0.087,-16.479,-8.850,31.433
1.527,0.394,0.091,-22.095,6.531,26.917
1.567,0.366,0.106,-26.367,16.663,19.531
1.579,0.375,0.108,-27.344,20.996,10.315
1.600,0.348,0.145,-26.184,19.653,3.479

0.856,0.246,0.148,-11.169,7.874,5.127
0.920,0.224,0.137,-10.010,13.062,9.583
0.931,0.227,0.180,-2.563,18.372,15.259
0.964,0.227,0.140,-1.587,16.907,19.531
0.986,0.198,0.115,-0.183,11.719,21.973
1.000,0.189,0.110,-0.183,7.141,22.400
1.023,0.206,0.140,-1.831,1.892,19.897
1.055,0.246,0.200,-1.953,-2.991,16.113
1.060,0.308,0.282,2.625,-6.470,10.132
1.061,0.367,0.367,13.794,-6.592,3.906
1.074,0.319,0.342,30.884,-1.526,-1.404
1.148,0.248,0.275,46.936,8.911,-5.249
1.276,0.213,0.236,52.856,17.090,-3.967
1.422,0.210,0.244,49.866,17.639,4.150
1.577,0.249,0.269,43.518,15.991,13.245
1.720,0.341,0.353,32.654,18.799,15.625
1.875,0.417,0.203,21.973,25.452,10.437
1.990,0.505,0.224,22.461,41.504,3.113
2.071,0.593,0.175,20.630,56.213,0.000
2.142,0.618,0.143,19.409,67.505,0.671
2.225,0.645,0.106,18.860,75.134,-0.732
2.292,0.652,0.077,15.869,77.454,-4.761
2.315,0.668,0.030,11.780,73.425,-12.756
2.308,0.682,0.011,8.911,66.650,-24.048
2.243,0.662,-0.020,8.423,59.326,-36.316
2.150,0.598,-0.044,9.277,53.223,-48.401
2.017,0.543,-0.055,8.667,48.279,-59.753
1.859,0.497,-0.046,4.700,44.678,-70.251
1.717,0.458,-0.023,-0.427,44.800,-79.712
1.586,0.428,-0.009,-2.869,47.974,-89.844
1.451,0.409,-0.010,-3.418,51.636,-96.375
1.336,0.351,-0.031,-3.845,54.626,-99.243
1.241,0.314,-0.056,-2.380,58.716,-100.037
1.146,0.317,-0.058,-1.953,62.561,-96.741
1.025,0.316,-0.017,-0.793,65.247,-87.341
0.922,0.229,-0.012,1.282,62.744,-76.294
0.836,0.163,-0.016,-2.869,55.969,-68.542
0.754,0.157,-0.027,-11.475,46.387,-65.735
0.649,0.177,-0.026,-17.700,39.185,-63.843
0.618,0.175,-0.034,-19.958,39.551,-59.875
0.573,0.170,-0.042,-26.428,42.236,-61.646
0.500,0.141,-0.048,-33.813,47.058,-68.481
0.429,0.112,-0.058,-43.518,53.528,-78.796
0.352,0.150,-0.044,-56.519,61.340,-89.783
0.290,0.157,0.004,-69.519,67.993,-96.802
0.262,0.136,0.047,-77.698,71.411,-100.098
0.228,0.133,0.077,-79.712,69.336,-101.196
0.172,0.127,0.101,-76.050,62.500,-99.365
0.093,0.108,0.113,-67.505,52.979,-95.276
0.016,0.060,0.099,-57.617,42.847,-89.050
-0.042,0.003,0.080,-49.683,34.546,-81.604
-0.075,-0.051,0.058,-45.105,29.785,-74.158
-0.094,-0.080,0.037,-44.617,28.442,-65.857
-0.101,-0.084,0.034,-46.143,30.090,-57.251
-0.096,-0.067,0.039,-48.279,33.081,-48.828
-0.071,-0.044,0.049,-49.194,35.034,-38.513
-0.024,-0.041,0.064,-46.753,33.752,-28.442
0.038,-0.048,0.084,-39.856,30.640,-21.545
0.089,-0.064,0.095,-28.931,25.208,-15.259
0.123,-0.066,0.075,-16.296,16.602,-8.423
0.132,-0.081,0.043,-4.089,6.775,-2.747
0.136,-0.122,-0.004,6.226,0.366,0.671
0.142,-0.160,-0.045,10.437,-5.554,3.113
0.138,-0.139,-0.070,10.010,-11.414,7.324
0.127,-0.112,-0.084,7.935,-15.686,13.428
0.146,-0.057,-0.091,6.226,-18.555,20.386
0.186,-0.047,-0.068,6.287,-20.386,28.687
0.270,-0.056,-0.036,9.216,-22.217,33.447
0.325,-0.071,-0.021,13.428,-24.292,35.583
0.332,-0.073,0.000,17.883,-27.588,36.804
0.339,-0.113,0.022,22.888,-30.945,36.926
0.354,-0.141,0.034,27.161,-30.762,37.903
0.344,-0.148,0.036,30.212,-29.358,39.185
0.354,-0.132,0.025,31.799,-27.588,41.504
0.366,-0.090,-0.000,32.349,-26.062,46.082
0.386,0.005,-0.030,32.837,-25.940,53.223
0.476,0.027,-0.042,34.119,-26.672,62.500
0.575,0.007,-0.045,34.607,-27.344,72.266
0.643,0.041,-0.050,35.767,-27.344,80.261
0.727,0.066,-0.065,37.598,-25.208,86.121
0.802,0.048,-0.086,39.856,-20.081,87.830
0.849,0.022,-0.110,42.236,-14.221,84.351
0.859,0.030,-0.155,42.297,-9.827,77.637
0.839,0.043,-0.186,39.978,-6.653,72.571
0.834,0.067,-0.190,36.560,-3.845,69.885
0.859,0.099,-0.161,32.104,-2.502,68.359
0.883,0.125,-0.134,26.245,-5.310,67.444
0.916,0.126,-0.118,18.188,-11.230,67.444
0.948,0.129,-0.112,10.925,-17.761,66.162
0.962,0.150,-0.103,5.188,-24.109,62.744
0.968,0.159,-0.079,2.502,-27.832,60.120
1.006,0.106,-0.017,2.258,-26.184,59.326
1.051,0.038,-0.004,5.676,-20.508,58.716
1.071,0.039,-0.026,8.850,-15.991,55.603
1.179,0.188,-0.102,7.324,-15.625,52.612
1.287,0.419,-0.059,6.836,-10.925,52.063
1.415,0.458,-0.022,6.470,-17.395,68.970
1.413,0.424,-0.093,-6.958,-61.829,96.130
1.510,0.423,-0.082,4.272,-80.139,91.980
1.547,0.412,-0.008,14.282,-83.679,79.651
1.478,0.386,-0.029,16.724,-89.233,73.425
1.421,0.348,-0.041,19.958,-86.731,67.444
1.407,0.305,-0.007,24.170,-75.500,61.951
1.392,0.259,0.025,26.978,-61.279,56.519
1.443,0.425,-0.050,27.039,-47.607,53.162
1.413,0.406,-0.052,28.076,-33.386,62.622
1.474,0.489,-0.164,23.621,-27.588,64.270
1.558,0.514,-0.152,19.714,-15.747,62.622
1.609,0.535,-0.168,11.658,-12.512,56.335
1.626,0.486,-0.151,7.019,-10.559,44.312
1.572,0.439,-0.211,3.479,-9.521,29.053
1.495,0.330,-0.102,-0.122,-4.822,13.916
1.404,0.274,-0.026,-5.493,-1.282,-1.831
1.318,0.306,0.023,-16.541,-3.479,-15.259
1.248,0.333,0.082,-26.306,-9.766,-20.203
1.258,0.338,0.102,-27.344,-14.404,-23.437
1.250,0.352,0.139,-25.024,-15.991,-25.452
1.221,0.424,0.131,-26.001,-19.226,-26.001
1.269,0.513,0.085,-27.832,-23.254,-26.611

0.884,0.181,0.092,-7.568,2.319,13.977
0.936,0.212,0.028,-7.874,5.249,20.935
1.029,0.176,0.074,-5.920,5.310,27.954
1.076,0.214,0.072,-9.460,0.122,31.555
1.109,0.252,0.083,-11.841,-7.874,31.006
1.136,0.266,0.116,-10.498,-14.160,29.663
1.172,0.274,0.142,-6.348,-17.334,25.574
1.219,0.278,0.173,-1.099,-17.883,19.409
1.264,0.305,0.196,5.005,-18.433,13.184
1.318,0.341,0.224,13.306,-16.846,6.287
1.381,0.371,0.264,23.560,-13.733,0.061
1.455,0.427,0.234,34.485,-10.193,-4.822
1.528,0.433,0.183,46.448,-3.967,-7.629
1.621,0.434,0.078,52.429,3.174,-9.888
1.711,0.486,0.064,47.729,13.611,-13.245
1.782,0.529,-0.006,43.274,27.954,-16.907
1.842,0.525,0.016,41.992,46.387,-18.616
1.884,0.571,-0.006,33.936,55.664,-21.240
1.944,0.594,-0.018,25.330,56.763,-23.193
1.992,0.584,-0.033,21.667,54.749,-22.705
1.993,0.546,-0.039,21.484,51.697,-22.217
1.964,0.502,-0.042,21.118,48.096,-25.330
1.902,0.452,-0.051,18.921,45.166,-32.593
1.837,0.399,-0.026,16.968,45.105,-40.955
1.764,0.331,-0.026,15.137,45.227,-48.645
1.673,0.264,-0.024,11.292,44.373,-56.091
1.544,0.232,-0.010,4.822,43.945,-62.927
1.410,0.245,-0.008,-1.709,44.678,-66.956
1.276,0.240,0.014,-7.751,47.668,-65.918
1.208,0.225,0.042,-14.099,51.880,-61.768
1.171,0.253,0.061,-15.869,56.152,-56.152
1.126,0.278,0.083,-12.939,59.631,-46.509
1.103,0.280,0.083,-9.644,60.547,-33.936
1.128,0.297,0.075,-8.545,59.021,-25.208
1.156,0.257,0.047,-8.789,58.533,-24.902
1.165,0.204,0.020,-9.338,61.340,-34.912
1.105,0.243,-0.026,-13.123,64.819,-49.561
1.015,0.269,-0.066,-18.066,68.054,-58.838
0.958,0.277,-0.077,-23.804,70.313,-62.073
0.916,0.290,-0.073,-29.846,72.205,-63.599
0.867,0.303,-0.092,-35.461,73.059,-65.857
0.831,0.322,-0.097,-39.368,72.144,-69.519
0.797,0.314,-0.094,-42.725,67.932,-72.754
0.755,0.296,-0.102,-46.387,59.753,-77.209
0.691,0.285,-0.100,-50.232,49.255,-82.092
0.605,0.284,-0.082,-55.115,37.964,-87.830
0.505,0.296,-0.071,-59.998,28.687,-92.041
0.409,0.294,-0.067,-61.951,22.705,-94.360
0.328,0.239,-0.061,-60.852,21.362,-97.351
0.255,0.193,-0.057,-59.875,23.193,-100.342
0.146,0.155,-0.039,-58.838,26.245,-101.563
0.060,0.105,-0.028,-56.519,29.724,-100.586
-0.011,0.041,-0.019,-53.772,34.363,-96.497
-0.059,-0.034,-0.015,-51.208,38.513,-90.393
-0.079,-0.148,-0.011,-47.974,41.809,-84.717
-0.080,-0.117,0.010,-45.044,42.969,-82.458
-0.113,-0.133,0.013,-45.227,38.086,-75.134
-0.163,-0.162,0.018,-46.326,28.015,-62.927
-0.206,-0.194,0.037,-45.105,19.714,-50.659
-0.225,-0.194,0.031,-44.189,11.108,-39.368
-0.207,-0.237,0.043,-40.588,8.728,-25.635
-0.119,-0.226,0.044,-34.607,11.475,-11.902
0.008,-0.150,0.026,-27.771,12.634,3.052
0.099,-0.121,0.008,-19.531,12.329,19.226
0.156,-0.151,0.026,-9.827,11.841,30.701
0.188,-0.121,0.007,-2.991,6.592,32.532
0.172,-0.075,-0.016,1.953,-0.427,31.555
0.157,-0.021,-0.009,8.179,-4.578,32.349
0.130,-0.048,-0.020,13.428,-10.559,37.659
0.172,-0.017,-0.029,17.944,-15.686,37.292
0.230,-0.082,-0.051,18.494,-20.630,36.804
0.264,-0.034,-0.049,18.250,-24.780,38.147
0.304,-0.010,-0.042,18.799,-27.466,39.917
0.338,-0.007,-0.015,23.010,-27.771,44.250
0.375,0.026,-0.006,29.358,-27.771,44.800
0.425,0.046,-0.012,34.973,-28.625,45.532
0.475,0.036,-0.032,40.588,-31.311,46.997
0.496,0.047,-0.072,43.274,-37.415,49.744
0.516,0.079,-0.110,42.725,-45.410,53.467
0.587,0.074,-0.143,41.260,-52.429,58.350
0.666,0.022,-0.161,40.039,-57.739,63.843
0.706,0.003,-0.179,38.269,-61.157,67.810
0.737,-0.002,-0.177,34.729,-61.646,67.932
0.773,-0.017,-0.145,31.189,-60.181,64.880
0.794,-0.030,-0.122,28.381,-57.556,60.974
0.818,-0.041,-0.112,25.940,-55.298,57.861
0.817,-0.016,-0.133,22.888,-54.810,54.688
0.805,0.053,-0.179,18.372,-54.810,53.162
0.822,0.122,-0.219,14.038,-53.223,54.871
0.912,0.152,-0.219,8.972,-50.537,59.875
1.034,0.161,-0.193,5.005,-47.546,66.040
1.114,0.131,-0.183,4.089,-44.434,71.350
1.145,0.101,-0.189,4.944,-40.344,71.533
1.185,0.058,-0.165,5.737,-35.095,65.796
1.199,0.026,-0.133,6.470,-34.119,58.411
1.152,0.009,-0.091,6.714,-41.199,53.833
1.174,0.176,-0.116,2.869,-52.856,54.871
1.240,0.387,0.043,4.883,-57.556,62.073
1.262,0.450,-0.017,-0.793,-79.651,90.820
1.318,0.337,-0.046,-12.634,-114.502,117.188
1.451,0.367,0.043,-5.493,-121.399,111.145
1.513,0.413,0.090,-0.122,-109.985,94.910
1.459,0.386,0.096,1.282,-92.163,83.252
1.464,0.302,0.165,3.601,-73.242,70.923
1.565,0.436,0.224,10.193,-58.472,64.880
1.469,0.361,0.277,17.761,-54.443,75.806
1.499,0.442,0.214,22.461,-59.753,75.623
1.568,0.525,0.195,24.780,-60.547,74.890
1.622,0.613,0.082,22.644,-58.899,75.928
1.646,0.579,0.123,17.456,-51.880,75.867
1.641,0.512,0.159,7.446,-43.457,63.660
1.666,0.418,0.229,-2.319,-32.043,37.659
1.619,0.422,0.190,-13.062,-22.583,10.010
1.528,0.443,0.273,-19.409,-14.221,-5.615
1.438,0.465,0.230,-20.325,-10.864,-6.958
1.401,0.402,0.370,-13.000,-4.517,-4.761
1.385,0.448,0.337,-8.057,-7.141,-3.967
1.335,0.454,0.317,-4.822,-12.939,-2.197
1.324,0.453,0.285,0.061,-15.747,-2.441

1.611,0.424,0.220,23.865,42.847,-6.226
1.724,0.493,0.167,30.762,62.744,-25.452
1.789,0.419,0.094,23.071,75.684,-39.490
1.827,0.384,0.067,12.146,74.158,-50.842
1.786,0.379,0.083,4.150,63.171,-60.303
1.701,0.384,0.113,0.061,48.767,-68.542
1.542,0.400,0.136,2.258,35.095,-72.876
1.375,0.391,0.147,8.118,24.109,-70.801
1.280,0.322,0.169,13.855,19.348,-63.477
1.201,0.255,0.175,17.944,21.484,-53.040
1.208,0.267,0.211,18.005,28.748,-42.053
1.234,0.332,0.248,19.104,36.743,-32.654
1.282,0.355,0.268,25.269,44.373,-26.733
1.308,0.339,0.222,35.095,50.232,-25.146
1.302,0.282,0.108,42.358,54.138,-24.719
1.315,0.224,0.016,41.199,57.983,-23.193
1.326,0.146,-0.132,34.485,60.303,-23.437
1.346,0.127,-0.094,22.705,61.951,-26.001
1.368,0.121,-0.191,8.301,60.974,-31.250
1.406,0.109,-0.202,1.160,69.092,-37.598
1.464,0.097,-0.175,-4.395,75.378,-40.649
1.483,0.123,-0.157,-8.972,70.557,-41.016
1.453,0.159,-0.156,-12.817,55.298,-41.199
1.384,0.180,-0.169,-13.550,34.973,-39.856
1.291,0.175,-0.214,-12.085,16.357,-38.757
1.176,0.197,-0.221,-12.146,4.822,-38.635
1.121,0.060,-0.129,-13.489,1.282,-40.405
1.046,0.040,-0.119,-22.766,4.272,-45.227
0.969,0.073,-0.043,-33.386,10.559,-52.734
0.906,0.116,0.004,-41.077,15.869,-60.242
0.878,0.106,0.008,-46.753,17.944,-64.209
0.820,0.136,0.004,-50.720,18.066,-64.270
0.724,0.184,0.018,-53.650,16.357,-58.044
0.671,0.184,0.015,-54.932,14.465,-48.157
0.665,0.197,0.044,-52.307,15.320,-40.283
0.656,0.267,0.098,-48.706,17.883,-37.537
0.662,0.293,0.110,-35.522,22.888,-39.917
0.719,0.249,0.042,-20.691,29.114,-46.448
0.728,0.271,0.033,-21.484,29.114,-55.664
0.636,0.307,0.092,-24.292,24.658,-64.270
0.562,0.321,0.099,-16.174,24.048,-70.679
0.482,0.279,0.092,-6.592,26.855,-73.669
0.380,0.195,0.021,-2.014,33.630,-76.355
0.379,0.061,0.027,3.357,48.218,-79.224
0.392,-0.031,0.020,-2.930,54.138,-83.496
0.373,-0.030,0.012,-23.071,49.500,-85.144
0.323,0.029,0.012,-42.786,42.053,-80.750
0.278,0.064,0.065,-49.805,35.339,-72.266
0.231,0.085,0.097,-47.180,30.151,-61.096
0.198,0.059,0.127,-37.781,26.917,-49.316
0.184,-0.016,0.102,-26.917,20.142,-38.452
0.151,-0.144,0.054,-19.470,10.376,-28.198
0.158,-0.178,0.071,-12.390,5.310,-23.437
0.134,-0.210,0.006,-9.827,1.892,-20.447
0.092,-0.247,-0.019,-7.751,2.197,-10.803
0.091,-0.286,-0.047,-3.662,9.338,-2.319
0.120,-0.341,-0.090,-5.005,15.747,5.615
0.233,-0.303,-0.107,-12.390,18.311,15.076
0.351,-0.243,-0.094,-20.813,14.771,23.499
0.387,-0.164,-0.103,-26.367,4.272,27.649
0.412,-0.079,-0.097,-29.297,-9.277,30.334
0.432,-0.027,-0.086,-23.437,-19.836,35.828
0.435,-0.013,-0.096,-11.536,-26.001,41.199
0.445,-0.072,-0.114,2.441,-27.344,44.739
0.484,-0.130,-0.121,15.076,-24.109,42.725
0.513,-0.096,-0.148,20.569,-19.348,37.170
0.496,-0.107,-0.139,22.827,-14.954,36.316
0.506,-0.059,-0.122,25.330,-12.329,31.738
0.494,-0.068,-0.114,23.621,-11.597,31.189
0.451,-0.036,-0.076,21.423,-12.512,32.471
0.439,0.002,0.012,16.663,-14.465,32.959
0.494,0.043,0.033,14.221,-15.076,38.574
0.572,0.021,0.054,21.606,-15.198,48.889
0.620,-0.024,0.036,32.288,-17.639,60.303
0.646,-0.032,0.005,39.307,-21.057,69.397
0.668,-0.013,-0.012,43.274,-24.536,75.134
0.681,-0.009,-0.012,46.448,-27.466,77.637
0.672,-0.019,-0.036,48.767,-30.457,76.843
0.636,-0.004,-0.060,47.974,-33.875,73.975
0.601,0.062,-0.071,43.579,-37.048,70.496
0.614,0.099,-0.061,38.513,-38.696,69.458
0.656,0.048,-0.064,32.593,-36.865,71.655
0.657,0.047,-0.084,26.917,-29.480,73.547
0.691,0.060,-0.049,24.048,-17.090,72.266
0.777,0.057,0.003,24.658,-3.296,71.655
0.827,0.084,0.027,29.724,7.507,71.777
0.853,0.129,0.030,40.100,12.390,70.190
0.871,0.170,0.017,50.903,10.193,67.871
0.908,0.246,-0.021,57.251,3.235,66.162
0.971,0.311,-0.091,61.096,-4.272,64.575
1.048,0.372,-0.121,60.425,-11.475,63.782
1.174,0.310,-0.182,51.514,-17.700,66.101
1.235,0.264,-0.229,28.748,-22.278,66.223
1.251,0.224,-0.202,9.583,-22.705,61.096
1.280,0.173,-0.225,-4.150,-21.362,52.063
1.411,0.419,0.110,-6.042,-16.357,46.326
1.308,0.472,0.155,-15.259,-40.710,72.449
1.257,0.414,0.097,-19.653,-78.552,93.811
1.384,0.536,0.052,2.319,-98.511,75.623
1.465,0.631,0.071,22.644,-103.333,62.622
1.477,0.613,0.057,30.396,-106.934,66.345
1.592,0.710,0.048,29.663,-109.009,75.317
1.520,0.463,0.083,27.466,-108.154,98.267
1.545,0.438,0.074,27.283,-101.440,91.003
1.534,0.353,0.107,28.503,-87.524,78.491
1.496,0.338,0.173,21.667,-73.608,64.575
1.424,0.359,0.162,10.193,-63.110,50.781
1.399,0.488,0.161,-4.028,-52.856,39.001
1.354,0.473,0.222,-13.367,-36.743,30.945
1.399,0.514,0.312,-16.235,-17.700,15.930
1.460,0.700,0.280,-18.433,-10.193,-2.686
1.441,0.742,0.256,-15.991,-11.841,-4.639
1.405,0.643,0.236,-7.935,-15.442,1.038
1.371,0.531,0.289,2.075,-11.353,5.920
1.314,0.515,0.239,6.714,-8.057,6.348
1.256,0.477,0.204,5.737,-7.935,3.418
1.216,0.388,0.157,7.080,-7.202,-1.953
1.203,0.337,0.108,5.310,-8.606,-7.446
1.143,0.323,0.094,-0.549,-12.390,-6.104

0.905,0.318,0.213,-2.991,1.343,0.671
0.920,0.191,0.137,1.953,2.686,2.869
0.933,0.140,0.142,0.183,1.160,4.639
0.927,0.207,0.182,-4.089,-1.953,3.906
0.980,0.241,0.186,-7.568,-2.197,5.798
1.067,0.249,0.202,-8.545,-1.160,11.353
1.131,0.241,0.216,-6.958,0.183,15.320
1.258,0.259,0.239,-5.371,-0.977,16.357
1.372,0.302,0.265,-4.028,-5.981,15.564
1.460,0.369,0.297,-0.305,-9.888,11.353
1.577,0.412,0.365,7.751,-11.047,4.150
1.638,0.458,0.338,18.433,-12.512,-3.174
1.698,0.485,0.293,26.611,-12.451,-9.094
1.766,0.552,0.234,30.518,-7.324,-14.404
1.845,0.619,0.186,30.579,5.493,-18.127
1.924,0.621,0.209,28.442,26.550,-21.118
1.997,0.664,0.150,21.606,42.053,-29.419
2.049,0.712,0.190,12.878,53.284,-38.330
2.087,0.709,0.187,12.024,54.138,-45.410
2.063,0.650,0.192,15.442,46.387,-50.232
1.969,0.599,0.153,18.188,34.851,-55.298
1.842,0.538,0.115,17.090,23.987,-62.195
1.725,0.478,0.080,11.536,17.822,-71.228
1.598,0.409,0.053,8.362,20.508,-78.857
1.478,0.320,0.049,5.920,29.541,-83.008
1.371,0.232,0.063,2.319,41.138,-83.801
1.302,0.148,0.102,-2.502,48.218,-83.191
1.258,0.114,0.051,-7.568,45.288,-82.825
1.236,0.111,0.027,-11.353,41.382,-79.285
1.188,0.109,-0.005,-12.878,37.231,-73.486
1.131,0.084,0.022,-14.343,33.203,-68.359
1.083,0.122,0.045,-18.494,25.696,-66.345
1.019,0.161,0.050,-20.264,19.348,-65.735
0.946,0.167,0.037,-15.015,19.043,-65.674
0.892,0.154,0.033,-9.338,21.545,-64.270
0.867,0.119,0.031,-6.653,26.001,-63.171
0.855,0.085,0.034,-6.653,31.311,-65.857
0.820,0.088,0.027,-8.545,36.011,-71.045
0.777,0.085,0.036,-9.888,41.870,-74.646
0.759,0.066,0.038,-10.864,48.462,-76.416
0.738,0.088,0.026,-12.268,53.589,-77.759
0.712,0.121,0.043,-12.878,55.908,-77.759
0.694,0.122,0.053,-13.245,52.307,-75.684
0.671,0.109,0.025,-17.822,38.940,-70.740
0.627,0.113,0.022,-23.132,23.926,-66.101
0.588,0.109,0.034,-28.320,14.587,-64.026
0.521,0.110,0.014,-32.959,12.512,-63.477
0.446,0.084,-0.014,-38.025,17.212,-63.538
0.402,0.072,-0.037,-45.288,28.625,-64.575
0.364,0.063,-0.024,-54.077,44.678,-67.566
0.353,0.037,0.009,-63.049,58.716,-72.205
0.371,0.037,0.045,-68.604,67.139,-78.674
0.367,0.047,0.092,-65.186,69.336,-81.848
0.318,0.034,0.089,-53.772,61.279,-79.163
0.253,-0.002,0.059,-41.199,47.668,-70.923
0.177,-0.065,0.003,-31.372,33.142,-59.509
0.114,-0.111,-0.042,-26.978,22.583,-47.607
0.057,-0.152,-0.066,-26.184,18.921,-35.522
0.014,-0.229,-0.094,-26.184,22.400,-24.170
-0.007,-0.320,-0.077,-28.687,29.846,-18.127
0.028,-0.304,-0.073,-38.330,38.147,-18.921
0.042,-0.285,-0.058,-49.866,41.626,-13.489
0.084,-0.197,-0.031,-57.251,43.518,-6.653
0.182,-0.114,0.049,-60.913,44.006,0.305
0.276,-0.077,0.103,-54.138,39.917,7.019
0.300,-0.039,0.141,-35.889,30.823,10.498
0.261,-0.048,0.113,-16.724,14.771,13.428
0.233,-0.079,0.070,-2.258,-1.770,19.226
0.225,-0.089,0.023,7.690,-12.085,27.344
0.212,-0.125,-0.007,13.428,-17.883,35.889
0.255,-0.034,-0.055,14.954,-18.921,41.260
0.264,-0.103,-0.061,16.357,-16.968,51.392
0.322,-0.104,-0.055,18.677,-14.832,56.335
0.383,-0.091,-0.035,18.433,-15.442,56.702
0.413,-0.066,-0.016,19.226,-17.212,57.373
0.422,-0.075,-0.001,20.569,-19.104,56.030
0.446,-0.064,0.016,19.714,-19.409,54.016
0.437,0.006,0.053,17.822,-17.822,53.772
0.423,0.075,0.083,18.677,-13.794,56.458
0.458,0.125,0.095,24.231,-7.507,59.509
0.502,0.164,0.076,32.654,-4.517,62.012
0.571,0.168,0.045,40.955,-7.263,64.453
0.646,0.111,0.013,48.584,-14.709,67.688
0.709,0.000,-0.022,54.443,-25.024,70.679
0.721,-0.078,-0.074,57.129,-33.203,72.510
0.700,-0.113,-0.119,54.932,-37.231,72.632
0.718,-0.131,-0.129,48.523,-37.720,73.486
0.751,-0.135,-0.120,37.720,-35.217,75.745
0.756,-0.066,-0.122,25.574,-28.931,78.125
0.781,0.040,-0.123,15.564,-17.395,77.209
0.843,0.139,-0.124,9.705,-3.967,73.853
0.904,0.229,-0.116,7.324,4.150,69.336
0.988,0.298,-0.088,8.728,2.258,66.772
1.115,0.231,-0.058,13.794,-9.094,67.749
1.167,0.141,-0.045,18.555,-22.156,72.205
1.125,0.107,-0.106,21.240,-27.954,74.463
1.124,0.084,-0.164,20.813,-25.696,72.144
1.205,0.053,-0.259,15.198,-21.057,70.740
1.344,0.299,0.025,10.193,-13.672,72.876
1.274,0.279,-0.031,-3.845,-33.752,93.872
1.294,0.345,-0.012,-6.287,-52.734,95.520
1.460,0.558,0.059,12.146,-51.880,72.571
1.536,0.847,0.019,26.855,-58.716,64.331
1.531,0.688,0.079,32.104,-77.393,87.830
1.581,0.530,0.018,34.546,-97.290,103.271
1.632,0.507,0.038,39.246,-92.773,89.905
1.601,0.394,0.000,39.917,-76.294,76.294
1.596,0.362,-0.041,35.095,-60.547,64.087
1.520,0.195,-0.033,27.222,-43.213,55.725
1.617,0.254,0.093,18.738,-26.794,38.818
1.567,0.350,0.055,3.723,-27.466,32.898
1.502,0.433,0.068,-4.517,-27.100,36.560
1.477,0.449,0.105,-5.798,-22.400,36.804
1.492,0.505,0.112,-9.277,-22.705,26.611
1.531,0.508,0.138,-12.207,-25.208,12.451
1.519,0.420,0.137,-10.498,-26.733,-0.305
1.518,0.397,0.125,-10.498,-32.410,-14.404
1.441,0.371,0.128,-6.775,-33.386,-22.644
1.380,0.333,0.142,-1.587,-32.959,-22.949

0.817,0.207,0.086,-3.540,1.892,24.109
0.855,0.222,0.021,-6.042,6.165,27.710
0.943,0.214,0.109,-8.850,11.597,30.884
0.997,0.294,0.097,-13.367,13.062,27.588
1.059,0.302,0.113,-15.503,15.015,20.203
1.070,0.335,0.141,-18.005,15.808,13.062
1.075,0.372,0.153,-18.555,12.756,8.789
1.108,0.367,0.185,-15.686,8.789,9.644
1.143,0.372,0.187,-9.277,3.662,11.475
1.180,0.337,0.185,-2.869,-1.526,13.550
1.222,0.325,0.171,1.221,-4.517,14.954
1.293,0.349,0.155,3.296,-5.554,15.320
1.394,0.374,0.161,4.944,-2.258,14.709
1.531,0.417,0.174,4.395,3.479,9.521
1.657,0.494,0.181,4.333,9.827,1.709
1.767,0.590,0.205,8.179,13.977,-3.235
1.862,0.679,0.205,15.015,13.184,-2.930
1.948,0.762,0.176,23.071,13.245,-5.432
2.005,0.769,0.029,28.381,17.517,-13.306
2.000,0.823,0.041,25.879,23.621,-22.949
2.008,0.742,0.023,26.794,31.128,-34.058
1.995,0.679,-0.001,25.269,42.603,-44.495
1.950,0.632,-0.035,18.921,53.894,-54.504
1.944,0.545,0.004,11.536,65.796,-62.927
1.928,0.492,0.021,7.690,73.486,-73.914
1.867,0.464,0.002,5.859,75.989,-85.632
1.829,0.401,0.040,5.798,75.562,-95.215
1.733,0.385,0.015,7.080,66.162,-103.210
1.569,0.388,-0.031,7.507,51.514,-108.154
1.427,0.329,-0.088,8.179,40.833,-109.375
1.295,0.246,-0.150,9.399,37.292,-109.802
1.170,0.198,-0.192,5.615,42.053,-110.229
1.086,0.161,-0.184,-2.747,51.880,-110.413
0.997,0.144,-0.176,-13.184,61.401,-111.755
0.911,0.124,-0.167,-24.658,67.017,-112.671
0.868,0.147,-0.138,-35.889,70.068,-109.070
0.838,0.218,-0.117,-45.288,71.411,-98.389
0.808,0.084,-0.066,-55.359,68.054,-88.257
0.720,0.125,-0.007,-55.786,59.692,-89.905
0.632,0.138,-0.008,-53.467,48.584,-91.248
0.563,0.104,0.027,-52.185,40.344,-91.919
0.486,0.120,0.071,-51.758,35.767,-93.384
0.398,0.172,0.083,-51.025,31.372,-91.003
0.309,0.198,0.054,-48.950,31.738,-82.275
0.317,0.237,0.231,-45.227,35.645,-69.031
0.333,0.177,0.150,-40.039,28.198,-53.040
0.317,0.169,0.077,-34.546,27.344,-45.288
0.340,0.143,0.076,-27.954,37.659,-40.955
0.418,0.136,0.164,-21.118,38.513,-37.292
0.406,0.100,0.168,-11.719,28.320,-37.598
0.361,0.034,0.067,-2.686,13.367,-39.551
0.309,-0.004,0.023,0.000,1.160,-41.260
0.249,-0.047,-0.034,-0.793,-1.526,-45.715
0.203,-0.112,-0.032,-2.808,4.883,-50.903
0.214,-0.139,-0.038,-8.728,13.733,-54.504
0.201,-0.120,-0.051,-15.259,21.240,-56.396
0.217,-0.151,-0.057,-19.531,26.123,-54.077
0.250,-0.166,-0.045,-21.729,28.564,-48.279
0.252,-0.163,-0.038,-20.874,25.085,-40.527
0.238,-0.178,-0.031,-15.991,19.409,-30.212
0.244,-0.224,-0.048,-8.850,12.756,-18.188
0.247,-0.242,-0.077,-3.296,7.446,-8.179
0.248,-0.233,-0.108,0.610,3.906,-1.221
0.279,-0.225,-0.136,4.578,2.747,4.761
0.323,-0.213,-0.162,5.127,0.854,9.766
0.371,-0.216,-0.177,4.089,0.000,14.404
0.410,-0.205,-0.185,3.601,0.488,18.127
0.451,-0.201,-0.192,3.845,2.258,20.386
0.472,-0.204,-0.175,4.456,4.272,22.888
0.505,-0.192,-0.126,5.188,2.502,25.208
0.529,-0.171,-0.121,7.568,-4.944,27.649
0.537,-0.139,-0.123,10.986,-12.695,31.006
0.566,-0.133,-0.117,14.404,-19.165,35.400
0.596,-0.143,-0.116,17.090,-24.353,39.307
0.600,-0.124,-0.131,18.555,-26.733,40.955
0.574,-0.131,-0.128,18.555,-27.405,40.588
0.565,-0.098,-0.100,17.944,-25.452,39.368
0.533,-0.030,-0.090,17.395,-24.292,40.039
0.527,-0.044,-0.073,17.700,-23.987,42.480
0.555,-0.010,-0.039,19.165,-23.499,41.748
0.583,0.022,-0.010,20.874,-26.245,42.236
0.620,0.065,-0.013,25.574,-33.325,40.283
0.641,0.043,-0.002,30.029,-39.185,39.795
0.655,0.003,0.025,34.302,-40.649,39.429
0.646,-0.036,0.034,38.635,-41.077,38.147
0.627,-0.078,0.025,42.114,-41.016,38.330
0.598,-0.111,0.038,43.579,-40.710,39.490
0.581,-0.110,0.069,41.809,-40.955,42.175
0.552,-0.056,0.066,38.086,-42.725,48.096
0.525,0.034,0.019,33.691,-44.556,56.396
0.555,0.086,-0.019,29.053,-41.260,64.819
0.654,0.087,-0.050,24.536,-34.729,71.289
0.754,0.086,-0.052,18.738,-29.236,76.904
0.829,0.091,-0.039,14.893,-24.597,80.139
0.890,0.119,-0.010,16.479,-20.508,80.566
0.940,0.107,-0.003,22.095,-20.569,77.454
0.927,0.080,-0.000,27.527,-25.513,71.594
0.884,0.105,-0.006,28.931,-33.203,65.735
0.878,0.168,-0.028,25.391,-38.818,62.500
0.882,0.240,-0.067,16.663,-42.114,62.195
0.931,0.295,-0.088,6.348,-39.429,63.293
1.024,0.315,-0.072,0.305,-32.288,64.331
1.178,0.265,-0.030,-1.953,-28.320,67.749
1.212,0.079,-0.133,0.244,-26.123,73.059
1.405,0.268,0.226,7.019,-22.156,77.271
1.391,0.111,-0.021,7.141,-54.382,92.712
1.385,0.002,0.071,13.489,-67.688,84.534
1.384,0.180,0.085,18.555,-63.843,62.927
1.314,0.291,0.060,9.583,-67.200,58.838
1.388,0.525,0.034,0.183,-69.885,63.416
1.350,0.547,0.103,-3.418,-62.866,74.097
1.410,0.612,0.036,0.854,-57.739,76.965
1.466,0.589,0.041,10.132,-47.485,65.369
1.453,0.569,-0.004,12.329,-40.527,58.228
1.385,0.419,0.016,9.644,-35.461,52.002
1.404,0.414,0.033,6.042,-28.625,39.978
1.341,0.404,-0.056,-2.686,-23.437,32.227
1.328,0.401,-0.004,-11.475,-9.949,27.771
1.314,0.353,0.099,-19.470,2.197,23.865

0.882,0.385,0.249,-14.648,45.044,60.974
0.997,0.298,0.126,3.418,44.373,63.110
1.080,0.361,0.091,5.310,34.790,60.242
1.132,0.370,0.078,9.216,26.550,48.157
1.135,0.336,0.042,12.329,19.470,36.194
1.111,0.338,0.061,11.108,17.822,27.344
1.129,0.342,0.070,6.897,19.043,22.827
1.197,0.402,0.068,2.197,22.949,20.081
1.318,0.440,0.096,-0.610,27.161,18.494
1.441,0.518,0.097,-1.648,25.208,15.930
1.566,0.622,0.082,-1.282,21.362,10.620
1.676,0.679,0.090,3.296,20.569,2.808
1.761,0.759,0.070,9.827,19.653,-6.042
1.825,0.782,0.065,17.883,15.991,-11.230
1.860,0.795,0.051,27.771,10.925,-12.634
1.896,0.800,-0.023,33.997,5.188,-15.747
1.911,0.809,-0.088,33.997,7.263,-26.306
1.906,0.828,-0.134,27.649,16.479,-41.565
1.905,0.833,-0.058,18.311,26.001,-57.678
1.912,0.871,-0.113,11.230,31.799,-74.402
1.878,0.806,-0.089,12.512,33.875,-85.388
1.839,0.708,-0.091,10.803,33.447,-92.285
1.805,0.617,-0.094,11.353,29.419,-98.999
1.730,0.542,-0.127,11.292,23.254,-104.736
1.619,0.464,-0.161,9.583,19.287,-108.459
1.527,0.373,-0.159,7.507,19.897,-113.586
1.436,0.339,-0.159,4.272,20.874,-118.042
1.333,0.310,-0.178,1.465,20.752,-121.155
1.259,0.266,-0.200,-0.732,21.912,-123.108
1.193,0.250,-0.203,-4.639,25.330,-121.887
1.144,0.217,-0.173,-11.230,26.306,-116.333
1.104,0.192,-0.083,-19.043,21.301,-110.413
1.032,0.229,-0.004,-23.926,11.780,-108.765
0.913,0.283,0.024,-22.705,2.441,-111.267
0.788,0.273,0.013,-16.479,-1.404,-112.671
0.696,0.222,0.004,-11.353,1.099,-109.314
0.657,0.177,0.016,-9.338,6.348,-103.699
0.631,0.147,0.020,-10.559,7.690,-98.755
0.601,0.123,0.022,-15.808,4.639,-95.215
0.546,0.124,0.009,-23.865,2.014,-91.309
0.467,0.170,0.001,-31.311,2.625,-85.693
0.427,0.125,0.029,-36.072,9.155,-81.665
0.469,0.109,0.058,-38.879,18.860,-79.468
0.527,0.161,0.077,-39.185,21.484,-80.872
0.523,0.201,0.092,-36.926,15.686,-83.130
0.481,0.177,0.153,-30.945,7.507,-83.801
0.402,0.140,0.191,-22.278,-0.977,-83.496
0.296,0.094,0.178,-13.306,-5.554,-79.956
0.222,-0.001,0.116,-6.042,-3.845,-70.984
0.208,-0.085,0.055,-5.798,4.944,-59.753
0.244,-0.114,0.003,-11.475,18.982,-51.697
0.292,-0.118,-0.012,-20.142,32.959,-47.974
0.357,-0.112,-0.042,-27.527,41.870,-48.523
0.377,-0.110,-0.054,-30.457,45.288,-49.194
0.367,-0.120,-0.033,-28.931,44.922,-47.180
0.339,-0.125,-0.016,-24.475,40.955,-42.603
0.296,-0.145,-0.009,-17.578,35.583,-33.875
0.238,-0.173,-0.025,-7.263,33.325,-21.484
0.242,-0.300,-0.049,2.258,38.452,-12.695
0.232,-0.283,-0.094,-1.343,43.030,-14.038
0.220,-0.292,-0.090,-9.338,49.133,-7.385
0.299,-0.344,-0.050,-13.794,52.551,-2.625
0.324,-0.286,-0.086,-16.174,49.744,0.000
0.315,-0.249,-0.090,-17.883,46.875,5.127
0.371,-0.232,-0.061,-17.517,44.189,10.071
0.408,-0.201,-0.042,-13.794,40.527,18.738
0.478,-0.138,-0.026,-7.385,33.081,26.428
0.546,-0.128,-0.009,0.305,21.667,33.142
0.591,-0.113,-0.056,6.653,6.165,39.063
0.599,-0.083,-0.100,9.949,-5.798,44.312
0.596,-0.055,-0.129,10.681,-10.986,47.791
0.607,-0.041,-0.138,8.667,-12.024,50.171
0.641,-0.070,-0.126,7.019,-10.925,51.575
0.663,-0.041,-0.120,5.859,-8.911,46.753
0.652,-0.034,-0.108,6.348,-7.996,41.199
0.627,-0.049,-0.057,6.775,-9.766,38.330
0.601,-0.022,-0.025,8.911,-14.343,32.776
0.538,0.022,0.010,11.536,-18.982,31.250
0.464,-0.035,0.074,15.503,-21.057,35.095
0.442,-0.033,0.082,20.508,-22.827,37.781
0.445,-0.004,0.066,22.583,-22.644,41.321
0.459,0.044,0.049,21.484,-19.348,46.753
0.489,0.084,0.020,20.020,-15.930,49.500
0.538,0.103,0.001,19.531,-13.367,49.011
0.601,0.138,-0.004,19.104,-11.475,48.035
0.647,0.160,-0.018,20.752,-10.254,47.302
0.691,0.149,-0.022,24.414,-10.681,45.471
0.697,0.128,-0.026,29.053,-12.939,44.250
0.679,0.089,-0.063,35.461,-13.245,43.030
0.644,0.054,-0.091,40.833,-11.597,41.504
0.639,-0.003,-0.115,44.128,-9.277,42.603
0.635,-0.041,-0.116,43.213,-7.874,47.180
0.637,-0.087,-0.117,36.987,-10.986,53.955
0.647,-0.032,-0.084,27.771,-18.616,59.692
0.688,0.056,-0.101,21.729,-24.658,62.988
0.761,0.136,-0.128,18.677,-27.039,65.674
0.866,0.172,-0.161,16.052,-26.672,67.383
0.977,0.206,-0.204,16.357,-23.010,67.871
1.075,0.141,-0.222,19.775,-16.724,65.674
1.098,0.035,-0.209,20.203,-12.817,60.852
1.079,0.008,-0.209,16.357,-12.573,55.420
1.047,0.004,-0.204,9.827,-14.343,50.537
1.009,0.012,-0.185,4.150,-17.395,46.875
0.984,0.070,-0.168,-2.258,-20.752,46.570
0.993,0.165,-0.169,-9.094,-23.315,51.025
1.084,0.246,-0.171,-15.808,-24.292,59.937
1.164,0.173,-0.288,-20.630,-19.897,70.374
1.440,0.468,0.041,-20.325,-9.094,80.688
1.472,0.262,-0.099,-22.339,-33.264,100.586
1.546,0.227,-0.141,-14.282,-40.405,88.379
1.579,0.315,-0.137,-3.601,-27.527,63.110
1.610,0.534,-0.047,-3.052,-20.081,53.406
1.559,0.356,0.059,-2.502,-33.691,63.110
1.586,0.445,0.073,13.428,-60.242,54.382
1.422,0.469,0.068,28.076,-81.238,52.795
1.368,0.442,0.024,34.790,-97.839,57.922
1.345,0.396,-0.013,31.738,-100.830,59.998
1.332,0.416,-0.056,21.179,-85.327,56.458
1.264,0.296,-0.060,6.897,-57.068,51.636

0.836,0.255,0.054,3.357,-12.451,16.907
0.854,0.209,0.027,-4.822,-0.305,20.020
0.887,0.230,0.131,-10.071,10.498,21.912
0.929,0.237,0.097,-11.108,18.005,24.780
0.973,0.236,0.126,-12.451,20.691,26.917
1.035,0.234,0.119,-13.000,18.616,27.222
1.049,0.256,0.101,-11.353,13.550,25.757
1.092,0.203,0.099,-10.620,8.179,25.574
1.100,0.264,0.129,-11.841,3.052,25.269
1.146,0.232,0.147,-7.935,3.174,24.170
1.218,0.285,0.125,-7.019,2.319,22.400
1.291,0.331,0.172,-4.822,4.395,19.958
1.377,0.384,0.193,-0.916,4.639,17.700
1.483,0.439,0.214,6.897,6.042,13.306
1.590,0.492,0.204,17.395,9.277,7.019
1.729,0.545,0.201,27.405,13.000,0.488
1.844,0.591,0.149,37.292,15.320,-5.066
1.973,0.612,0.112,45.898,18.982,-13.428
2.084,0.610,0.076,48.279,24.719,-31.067
2.161,0.643,0.031,43.884,26.733,-56.335
2.176,0.702,0.056,34.058,28.625,-80.322
2.143,0.676,-0.014,26.917,29.114,-89.478
2.086,0.591,0.031,30.151,27.771,-84.595
2.037,0.529,0.029,28.320,24.414,-81.726
1.952,0.450,0.042,25.696,21.545,-85.571
1.883,0.390,0.060,21.973,22.400,-91.309
1.803,0.362,0.062,16.541,25.940,-98.145
1.728,0.341,0.076,10.376,30.701,-106.262
1.663,0.311,0.121,4.883,35.095,-114.014
1.590,0.298,0.154,3.723,36.133,-119.995
1.498,0.305,0.163,6.531,33.447,-122.925
1.409,0.289,0.187,8.911,27.771,-119.019
1.315,0.240,0.157,10.559,19.470,-111.145
1.232,0.166,0.148,12.146,17.273,-107.605
1.141,0.158,0.131,9.338,17.761,-106.323
1.089,0.161,0.177,3.784,16.052,-103.760
0.999,0.213,0.182,-3.296,13.428,-100.159
0.924,0.204,0.183,1.038,11.841,-98.511
0.842,0.175,0.175,9.644,9.521,-98.633
0.756,0.139,0.146,13.794,6.897,-99.121
0.670,0.117,0.125,13.855,3.662,-99.854
0.544,0.111,0.083,10.559,3.174,-99.182
0.432,0.077,0.057,7.141,11.841,-96.863
0.381,0.047,0.044,1.892,25.635,-94.910
0.336,0.075,0.028,-8.179,34.241,-92.285
0.257,0.101,0.037,-16.907,40.649,-87.830
0.194,0.094,0.030,-20.508,47.729,-83.679
0.168,0.052,0.029,-19.531,56.946,-80.383
0.139,0.014,0.008,-20.813,60.669,-75.623
0.102,-0.010,-0.010,-20.630,62.683,-71.045
0.055,-0.060,-0.035,-18.677,65.613,-67.078
-0.004,-0.114,-0.066,-18.921,69.580,-62.500
-0.082,-0.152,-0.086,-23.315,75.378,-56.885
-0.148,-0.208,-0.120,-27.954,85.327,-51.147
-0.149,-0.262,-0.141,-31.982,97.961,-44.800
-0.124,-0.267,-0.139,-37.720,105.835,-34.485
-0.171,-0.441,-0.144,-42.114,103.455,-20.569
-0.088,-0.375,-0.139,-43.762,97.046,-16.235
-0.088,-0.380,-0.102,-45.959,90.942,-7.202
0.007,-0.319,-0.082,-40.833,83.374,11.475
0.087,-0.211,-0.124,-34.302,70.435,33.752
0.141,-0.175,-0.114,-36.133,42.419,54.382
0.269,-0.063,-0.147,-36.011,17.822,69.763
0.362,-0.017,-0.160,-29.236,4.944,76.904
0.446,-0.046,-0.155,-18.616,-1.892,72.571
0.522,-0.028,-0.156,-10.620,-5.249,62.195
0.525,0.013,-0.163,-7.812,-8.423,52.307
0.492,0.027,-0.158,-6.165,-11.719,45.227
0.506,0.102,-0.140,-4.456,-16.907,41.748
0.516,0.058,-0.113,-3.357,-21.484,43.640
0.535,0.096,-0.078,-0.916,-22.827,44.495
0.512,0.101,-0.032,1.587,-21.912,46.143
0.526,0.076,0.025,5.676,-20.691,49.072
0.545,0.067,0.041,9.460,-22.278,48.401
0.532,0.067,0.057,11.353,-22.766,50.110
0.526,0.081,0.072,13.123,-23.071,51.697
0.518,0.113,0.075,15.625,-23.621,51.575
0.516,0.149,0.060,18.555,-22.339,49.255
0.518,0.157,0.041,23.315,-17.883,46.570
0.556,0.122,0.020,27.771,-14.404,44.678
0.617,0.084,0.010,29.907,-13.794,44.678
0.659,0.103,0.009,30.640,-15.991,46.692
0.710,0.116,0.028,31.555,-19.958,49.011
0.753,0.097,0.018,36.499,-25.513,50.293
0.758,0.065,0.001,43.945,-29.602,52.429
0.730,0.022,-0.045,47.607,-34.058,54.932
0.702,-0.003,-0.082,45.349,-37.659,57.678
0.678,0.016,-0.094,39.368,-39.978,59.814
0.657,0.066,-0.074,32.654,-38.757,60.608
0.685,0.081,-0.030,27.039,-34.607,59.814
0.750,0.061,-0.014,23.315,-27.954,59.082
0.783,0.064,-0.040,23.315,-19.897,59.631
0.826,0.040,-0.065,23.743,-12.634,60.791
0.872,0.027,-0.084,19.775,-7.324,63.110
0.909,0.047,-0.109,14.709,-1.892,65.857
0.929,0.083,-0.146,11.780,6.775,66.833
0.957,0.130,-0.190,8.545,16.724,66.528
0.993,0.189,-0.230,4.578,22.827,65.491
1.063,0.267,-0.234,0.061,22.644,65.186
1.189,0.288,-0.195,-1.343,13.611,65.491
1.295,0.220,-0.141,0.610,-3.845,67.383
1.289,0.150,-0.111,2.808,-23.499,68.298
1.294,0.153,-0.181,7.263,-38.269,66.040
1.327,0.215,0.020,15.137,-42.969,66.467
1.204,0.117,-0.057,10.254,-67.505,86.975
1.108,0.014,-0.046,6.470,-88.440,95.459
1.210,0.124,-0.066,5.737,-68.909,74.036
1.259,0.457,-0.106,-6.348,-42.786,65.735
1.267,0.462,-0.080,-17.517,-32.654,91.003
1.385,0.621,-0.069,-17.456,-38.818,102.539
1.551,0.748,-0.019,-2.808,-31.799,96.741
1.636,0.699,0.037,12.451,-32.837,95.947
1.700,0.568,0.030,27.466,-42.786,89.111
1.672,0.433,0.016,35.461,-52.856,74.036
1.578,0.368,0.038,34.119,-62.134,55.481
1.494,0.362,0.062,27.222,-67.627,33.997
1.377,0.419,0.052,16.052,-68.359,25.574
1.304,0.477,0.068,6.348,-60.303,27.344
1.241,0.502,0.073,1.343,-43.823,34.729

0.824,0.373,0.136,1.648,1.953,-2.380
0.861,0.270,0.111,4.517,4.944,2.258
0.892,0.224,0.114,6.470,10.681,10.193
0.944,0.205,0.091,8.362,12.817,16.785
0.984,0.215,0.073,6.531,11.230,20.264
1.024,0.229,0.078,1.282,9.094,21.179
1.077,0.262,0.099,-2.808,7.874,20.569
1.155,0.292,0.130,-4.578,7.080,17.700
1.228,0.351,0.169,-3.967,5.066,13.062
1.281,0.407,0.196,-0.244,0.061,6.836
1.327,0.457,0.229,7.141,-5.676,-0.122
1.372,0.465,0.223,17.090,-11.292,-6.714
1.429,0.437,0.190,28.259,-12.573,-13.184
1.495,0.424,0.117,34.363,-10.681,-18.433
1.574,0.440,0.042,33.325,-6.348,-21.423
1.671,0.468,0.007,28.625,2.014,-22.095
1.779,0.481,-0.021,22.644,14.099,-21.912
1.919,0.529,0.170,14.648,24.902,-25.696
2.005,0.579,0.014,4.700,24.475,-33.142
2.044,0.606,0.037,9.888,17.700,-38.574
2.040,0.594,0.029,13.977,11.414,-41.138
1.987,0.575,0.012,16.541,3.784,-45.288
1.937,0.536,0.036,17.883,-0.183,-51.453
1.876,0.498,0.048,16.846,2.380,-59.753
1.809,0.472,0.066,13.367,8.667,-69.519
1.752,0.424,0.081,10.437,15.564,-80.688
1.693,0.343,0.089,8.728,19.958,-91.064
1.595,0.279,0.109,6.165,20.935,-98.022
1.478,0.262,0.158,3.052,20.020,-103.333
1.378,0.268,0.177,2.014,23.132,-109.314
1.283,0.251,0.186,5.615,29.663,-111.694
1.213,0.189,0.171,10.376,35.461,-106.140
1.137,0.133,0.137,13.245,38.269,-99.854
1.084,0.081,0.089,12.573,38.696,-96.008
1.007,0.051,0.055,7.996,36.621,-92.041
0.977,-0.012,0.067,3.723,35.278,-87.646
0.929,0.027,0.021,-4.211,34.485,-83.801
0.881,-0.017,0.012,-6.470,35.095,-83.313
0.856,-0.070,0.018,-9.460,35.400,-83.923
0.810,-0.094,0.019,-17.639,34.668,-85.266
0.734,-0.095,0.031,-27.100,34.607,-88.196
0.646,-0.094,0.052,-35.217,37.598,-91.187
0.548,-0.077,0.031,-40.100,44.556,-90.515
0.482,-0.137,0.008,-41.321,56.152,-86.243
0.500,-0.187,0.005,-41.687,68.726,-82.825
0.552,-0.151,0.031,-48.889,74.463,-80.566
0.571,-0.089,0.062,-56.763,68.481,-77.881
0.556,-0.016,0.081,-61.829,54.993,-72.327
0.528,0.059,0.086,-60.730,43.030,-64.026
0.500,0.091,0.068,-52.246,36.865,-57.617
0.493,0.087,0.060,-42.480,32.898,-52.368
0.472,0.080,0.059,-36.499,28.992,-48.157
0.419,0.052,0.047,-31.677,26.733,-48.096
0.337,0.030,0.039,-26.550,30.151,-50.476
0.273,-0.008,0.019,-24.414,36.926,-51.880
0.258,-0.074,0.011,-21.851,45.776,-52.551
0.242,-0.135,-0.009,-21.484,53.894,-52.917
0.224,-0.176,-0.027,-25.574,59.875,-52.673
0.215,-0.148,-0.024,-32.776,64.575,-49.744
0.198,-0.104,0.024,-36.865,64.148,-43.762
0.171,-0.086,0.088,-35.400,58.350,-35.278
0.150,-0.078,0.062,-30.701,50.659,-28.870
0.172,-0.064,0.048,-20.630,49.255,-23.315
0.145,-0.111,0.011,-9.949,45.898,-8.667
0.153,-0.173,-0.039,-0.854,42.664,4.700
0.229,-0.225,-0.077,6.287,44.312,17.456
0.317,-0.190,-0.120,3.479,40.527,29.175
0.360,-0.128,-0.139,-4.456,29.602,38.879
0.425,-0.057,-0.149,-8.667,20.447,43.701
0.481,0.007,-0.147,-6.409,12.878,42.786
0.494,0.057,-0.126,0.366,7.568,40.649
0.502,0.055,-0.117,8.057,2.258,36.743
0.524,0.075,-0.146,13.855,-2.808,32.349
0.526,0.005,-0.152,16.968,-7.080,32.227
0.556,-0.021,-0.150,18.921,-11.963,30.701
0.594,-0.017,-0.151,18.127,-17.517,28.992
0.592,-0.035,-0.137,19.043,-20.813,33.264
0.584,-0.030,-0.124,23.865,-21.118,37.109
0.589,-0.049,-0.141,28.992,-20.752,34.546
0.575,-0.083,-0.115,30.701,-19.470,34.119
0.561,-0.069,-0.065,26.855,-19.958,34.302
0.532,0.001,-0.056,21.912,-21.667,32.959
0.500,0.084,-0.034,21.545,-24.292,33.447
0.479,0.123,-0.016,24.048,-26.917,36.865
0.500,0.090,-0.007,29.236,-28.809,39.490
0.596,0.016,-0.022,35.767,-29.602,43.091
0.636,-0.021,-0.065,41.626,-29.358,47.302
0.691,-0.082,-0.101,44.922,-28.564,50.415
0.734,-0.135,-0.135,44.495,-27.344,51.819
0.741,-0.139,-0.164,41.931,-23.376,50.842
0.734,-0.119,-0.178,37.292,-17.883,47.180
0.709,-0.082,-0.192,31.067,-15.076,43.152
0.641,0.001,-0.184,25.146,-15.747,41.443
0.589,0.047,-0.148,22.583,-17.456,41.382
0.602,0.050,-0.110,21.606,-20.386,43.152
0.690,-0.007,-0.086,22.034,-23.254,48.218
0.741,-0.070,-0.098,23.315,-24.048,56.458
0.776,-0.135,-0.123,23.254,-22.156,64.270
0.828,-0.178,-0.155,18.372,-15.625,69.458
0.882,-0.162,-0.187,10.803,-3.967,72.083
0.929,-0.128,-0.214,1.953,9.521,70.435
0.980,-0.037,-0.226,-7.874,20.935,66.528
1.035,0.134,-0.213,-14.099,26.184,62.134
1.090,0.270,-0.195,-11.902,23.071,59.021
1.178,0.304,-0.139,-5.859,10.315,59.326
1.271,0.267,-0.095,0.427,-11.169,63.293
1.339,0.216,-0.188,7.690,-35.400,69.214
1.418,0.316,0.078,17.700,-43.823,77.881
1.282,0.187,-0.070,15.259,-70.679,101.685
1.281,0.049,-0.104,18.005,-86.182,102.783
1.406,0.143,-0.095,23.315,-66.589,81.665
1.462,0.427,-0.012,17.212,-47.668,73.425
1.388,0.403,-0.052,6.104,-48.340,90.332
1.550,0.556,-0.054,6.165,-51.392,81.482
1.635,0.641,-0.056,14.099,-42.664,67.383
1.666,0.559,-0.066,19.714,-42.725,60.547
1.715,0.462,-0.112,20.203,-48.950,54.382
1.701,0.353,-0.160,18.433,-47.791,45.166
1.720,0.285,-0.108,14.160,-39.185,25.269

0.982,0.242,0.102,7.568,1.587,16.113
0.984,0.233,0.073,5.981,3.906,16.479
1.030,0.182,0.163,7.874,3.296,15.747
1.063,0.192,0.147,10.620,1.038,14.343
1.086,0.160,0.134,10.864,-3.357,15.198
1.140,0.159,0.073,8.911,-9.399,16.541
1.214,0.161,0.038,5.188,-12.451,18.494
1.287,0.148,0.033,1.526,-9.521,20.264
1.366,0.199,0.040,-4.517,-4.883,18.860
1.471,0.285,0.092,-10.010,1.038,14.832
1.604,0.431,0.153,-8.728,8.545,8.667
1.738,0.548,0.195,2.625,14.771,2.930
1.845,0.582,0.188,22.400,16.357,-3.418
1.881,0.594,0.093,40.649,11.230,-12.268
1.896,0.543,-0.034,52.429,8.484,-21.606
1.895,0.508,-0.116,51.697,11.414,-27.832
1.924,0.460,-0.133,38.452,16.663,-33.020
1.986,0.411,-0.084,24.719,24.902,-42.358
2.030,0.411,0.105,12.573,29.358,-53.894
2.003,0.362,-0.031,2.075,25.635,-63.049
1.957,0.306,-0.019,1.282,20.935,-72.266
1.886,0.243,-0.059,-2.930,18.738,-79.102
1.753,0.239,-0.085,-11.108,17.273,-78.674
1.647,0.215,0.027,-20.081,16.174,-75.012
1.629,0.220,0.091,-27.527,19.287,-74.036
1.590,0.340,0.099,-30.762,25.146,-76.782
1.569,0.321,0.128,-19.531,29.358,-82.153
1.539,0.285,0.153,-8.667,26.794,-88.318
1.489,0.230,0.179,-1.282,18.494,-93.689
1.385,0.193,0.208,3.906,8.911,-98.816
1.269,0.185,0.204,6.897,2.075,-103.577
1.160,0.170,0.180,8.911,-1.709,-105.042
1.057,0.167,0.156,8.240,-1.099,-103.516
0.999,0.186,0.121,4.272,5.127,-103.027
0.971,0.217,0.110,-1.587,13.123,-105.347
0.921,0.227,0.126,-7.263,18.860,-108.582
0.848,0.216,0.151,-8.118,23.193,-111.084
0.760,0.168,0.157,-5.249,25.879,-112.488
0.656,0.110,0.129,-4.333,25.452,-111.206
0.524,0.064,0.066,-5.981,25.146,-106.628
0.422,-0.010,0.033,-9.705,29.846,-100.708
0.338,-0.052,0.001,-15.808,39.185,-95.886
0.277,-0.086,-0.034,-23.315,51.086,-91.797
0.261,-0.119,-0.063,-31.982,60.913,-87.891
0.237,-0.121,-0.073,-37.964,70.313,-83.862
0.213,-0.104,-0.059,-41.870,75.500,-78.857
0.193,-0.078,-0.009,-42.053,72.876,-71.472
0.124,-0.066,0.035,-38.147,62.561,-60.425
0.001,-0.073,0.053,-31.494,49.683,-48.828
-0.095,-0.132,0.053,-24.353,44.373,-39.185
-0.176,-0.227,0.039,-21.301,47.485,-32.104
-0.221,-0.278,0.004,-22.705,59.570,-24.353
-0.213,-0.290,-0.031,-29.236,74.707,-16.235
-0.203,-0.393,0.001,-37.781,88.867,-7.385
-0.093,-0.286,0.014,-45.471,97.107,-6.531
0.019,-0.200,0.006,-52.063,94.177,-2.869
0.125,-0.140,0.032,-51.208,82.520,12.207
0.241,-0.093,0.032,-43.518,67.810,29.907
0.340,-0.039,0.001,-32.471,48.828,42.114
0.395,0.041,-0.029,-20.630,29.602,47.913
0.441,0.056,-0.057,-10.254,15.320,52.124
0.502,0.041,-0.078,-3.235,4.578,50.781
0.520,0.059,-0.108,0.122,-2.441,43.884
0.519,0.086,-0.128,0.671,-7.263,37.659
0.543,0.087,-0.115,-0.122,-10.559,32.837
0.591,0.118,-0.110,-0.488,-11.414,29.663
0.604,0.075,-0.098,0.549,-10.986,31.311
0.668,0.058,-0.087,2.075,-10.864,30.457
0.724,0.051,-0.068,2.930,-13.428,28.748
0.741,0.072,-0.047,5.920,-19.287,29.724
0.714,0.022,-0.014,13.794,-26.428,32.776
0.719,-0.016,-0.002,22.217,-32.532,29.785
0.682,-0.021,-0.013,25.208,-36.499,27.283
0.627,-0.007,-0.028,26.489,-37.415,25.757
0.584,-0.008,-0.033,29.297,-36.865,24.231
0.561,-0.014,-0.034,30.151,-35.645,24.414
0.566,-0.030,-0.033,29.053,-32.898,26.978
0.577,-0.033,-0.046,28.442,-28.870,30.273
0.623,-0.070,-0.042,29.236,-24.475,34.241
0.677,-0.101,-0.039,30.151,-21.240,38.269
0.712,-0.100,-0.050,29.907,-20.630,41.260
0.740,-0.095,-0.055,29.968,-22.949,43.335
0.740,-0.086,-0.083,30.090,-27.649,44.434
0.719,-0.052,-0.100,28.198,-31.433,44.434
0.704,-0.042,-0.102,27.222,-32.898,43.701
0.699,-0.063,-0.099,25.757,-32.715,43.701
0.702,-0.099,-0.104,22.888,-29.907,45.959
0.726,-0.136,-0.105,18.982,-24.292,49.683
0.769,-0.153,-0.090,15.076,-16.846,53.284
0.819,-0.131,-0.076,10.498,-10.559,55.847
0.864,-0.069,-0.072,7.935,-7.690,58.960
0.906,0.007,-0.065,8.484,-7.996,62.256
0.940,0.049,-0.090,10.864,-9.216,63.171
0.977,0.065,-0.110,12.634,-11.169,62.744
1.002,0.047,-0.120,11.230,-14.343,62.439
1.003,0.042,-0.117,7.996,-13.855,60.730
1.015,0.033,-0.106,4.639,-8.667,57.922
1.026,0.036,-0.101,1.404,-3.418,56.213
1.029,0.064,-0.078,-0.366,-0.793,55.908
1.039,0.085,-0.051,-0.366,-0.977,58.044
1.058,0.104,-0.036,1.343,-2.747,61.951
1.072,0.155,-0.035,5.249,-5.310,65.552
1.115,0.221,-0.038,8.667,-9.705,69.885
1.162,0.246,-0.100,13.062,-17.456,75.989
1.406,0.327,0.042,19.226,-28.320,85.693
1.321,0.243,-0.035,16.846,-65.613,101.685
1.312,0.218,-0.064,27.527,-74.951,85.754
1.348,0.298,-0.049,31.799,-65.308,64.087
1.302,0.271,0.016,26.123,-66.406,66.284
1.168,0.214,-0.016,18.311,-80.017,71.167
1.208,0.284,0.029,17.334,-71.533,58.044
1.183,0.312,0.026,13.123,-57.434,58.899
1.217,0.399,0.019,7.629,-48.340,62.683
1.359,0.513,0.047,3.418,-38.757,64.209
1.450,0.508,0.065,3.418,-32.166,66.162
1.509,0.457,0.098,7.202,-29.846,60.425
1.537,0.425,0.111,7.507,-32.227,44.922
1.490,0.435,0.104,5.310,-34.241,32.166
1.455,0.405,0.180,3.540,-35.339,26.855

0.832,0.214,0.286,32.166,27.222,8.545
0.891,0.142,0.255,39.307,30.334,14.709
0.948,0.166,0.230,38.147,30.273,20.630
1.014,0.183,0.174,33.142,21.179,24.902
1.075,0.197,0.112,25.085,11.597,27.710
1.135,0.226,0.082,15.686,5.798,26.855
1.197,0.231,0.111,7.507,4.883,21.912
1.266,0.236,0.159,2.991,6.836,14.954
1.317,0.294,0.175,-1.160,4.211,8.728
1.355,0.356,0.216,-1.099,0.793,3.235
1.423,0.416,0.240,2.014,-0.305,-1.343
1.507,0.442,0.260,9.216,3.479,-4.089
1.600,0.469,0.236,15.381,8.362,-8.850
1.663,0.519,0.211,17.578,13.611,-15.198
1.718,0.557,0.202,17.944,19.043,-19.653
1.770,0.582,0.202,18.372,22.827,-22.095
1.802,0.583,0.190,18.799,22.400,-22.644
1.870,0.517,0.197,17.822,19.043,-23.437
1.876,0.477,0.198,10.742,16.418,-25.269
1.874,0.407,0.077,6.104,18.799,-30.640
1.842,0.342,0.077,5.310,27.893,-40.100
1.794,0.312,0.061,-2.380,40.161,-49.561
1.765,0.288,0.105,-9.888,49.316,-57.434
1.721,0.315,0.130,-14.587,52.246,-63.354
1.654,0.344,0.117,-15.320,51.758,-65.613
1.618,0.315,0.094,-11.414,51.453,-66.711
1.571,0.278,0.055,-7.751,51.514,-69.458
1.500,0.304,0.062,-7.263,50.720,-72.327
1.449,0.342,0.092,-8.362,48.279,-72.815
1.324,0.274,0.129,-6.042,44.678,-74.524
1.272,0.245,0.108,-2.991,43.579,-78.552
1.238,0.175,0.078,1.465,42.664,-82.703
1.161,0.121,0.050,2.319,39.551,-85.144
1.103,0.127,0.036,-4.883,36.316,-84.656
1.025,0.162,0.017,-12.207,32.104,-83.557
0.936,0.181,0.000,-15.808,29.724,-81.055
0.887,0.171,0.046,-17.639,29.297,-77.942
0.825,0.166,0.064,-16.296,29.297,-75.989
0.756,0.147,0.057,-12.939,29.846,-75.317
0.738,0.106,0.043,-10.193,30.701,-74.524
0.713,0.095,0.011,-11.108,28.503,-75.073
0.666,0.097,-0.043,-15.930,23.315,-75.562
0.603,0.114,-0.080,-21.179,21.362,-76.538
0.539,0.108,-0.094,-24.475,25.696,-79.041
0.485,0.081,-0.108,-28.564,31.921,-83.618
0.417,0.062,-0.066,-34.546,39.063,-87.769
0.350,0.073,-0.026,-40.833,44.495,-91.370
0.315,0.058,-0.035,-42.786,49.255,-93.506
0.286,0.036,0.001,-38.391,54.443,-92.529
0.248,0.011,0.005,-36.011,53.101,-87.280
0.192,-0.022,-0.008,-35.339,46.936,-80.505
0.123,-0.028,-0.006,-35.034,42.786,-74.280
0.055,-0.055,-0.036,-35.400,38.635,-65.674
0.027,-0.086,-0.039,-34.607,41.199,-55.847
0.024,-0.095,-0.037,-35.522,45.959,-46.936
0.012,-0.177,-0.030,-34.668,49.927,-39.063
0.050,-0.173,-0.025,-31.311,51.575,-37.537
0.037,-0.193,-0.032,-29.419,49.988,-33.447
0.037,-0.232,-0.001,-22.949,51.514,-26.489
0.059,-0.250,0.027,-14.099,56.458,-16.785
0.116,-0.224,0.019,-16.663,46.448,-3.601
0.160,-0.199,0.016,-22.400,27.222,11.719
0.224,-0.148,-0.012,-22.400,16.602,25.940
0.305,-0.100,-0.043,-20.264,8.728,37.659
0.371,-0.030,-0.069,-18.250,-0.977,46.326
0.422,0.023,-0.087,-16.296,-11.475,52.795
0.478,0.060,-0.085,-13.123,-20.691,54.443
0.511,0.063,-0.100,-9.827,-27.466,51.208
0.537,0.065,-0.098,-5.615,-30.579,41.870
0.550,0.054,-0.098,-1.648,-29.907,32.104
0.549,-0.001,-0.061,1.831,-28.503,28.503
0.541,-0.020,-0.036,5.249,-29.114,25.146
0.504,-0.029,0.003,8.606,-29.541,28.137
0.493,-0.024,0.034,11.902,-29.724,28.931
0.470,0.000,0.055,13.428,-29.114,32.227
0.453,0.037,0.059,14.587,-27.222,37.048
0.466,0.078,0.046,17.090,-24.536,42.297
0.528,0.106,0.042,19.714,-21.057,46.143
0.625,0.076,0.022,22.095,-19.287,48.828
0.701,0.020,0.006,25.452,-20.386,50.049
0.734,-0.017,-0.001,28.076,-22.522,48.523
0.733,-0.046,-0.013,29.602,-23.193,44.922
0.724,-0.079,0.000,29.602,-21.484,41.992
0.700,-0.083,0.022,27.466,-17.883,42.358
0.663,-0.053,0.033,25.452,-12.695,44.861
0.654,0.010,0.036,25.146,-6.836,48.889
0.671,0.109,0.021,27.344,-4.822,54.504
0.699,0.174,-0.014,31.921,-9.155,61.951
0.780,0.172,-0.031,36.499,-20.020,69.946
0.903,0.120,-0.037,38.757,-33.813,76.965
0.989,0.052,-0.066,40.405,-42.542,80.139
1.000,-0.011,-0.140,40.894,-40.894,74.646
0.999,-0.064,-0.211,35.828,-31.250,64.087
0.999,-0.089,-0.212,25.635,-22.644,55.359
0.981,-0.082,-0.172,13.184,-20.020,51.514
0.942,-0.018,-0.142,0.793,-19.348,50.598
0.939,0.092,-0.110,-7.019,-16.785,49.988
0.973,0.218,-0.079,-7.996,-15.564,51.086
1.024,0.264,-0.067,-4.761,-20.447,55.725
1.081,0.232,-0.060,0.610,-30.090,62.439
1.123,0.173,-0.046,5.127,-39.246,69.885
1.134,0.110,-0.047,7.141,-43.274,75.623
1.269,0.135,-0.057,7.141,-41.565,76.599
1.302,0.149,-0.005,4.578,-36.865,75.989
1.304,0.040,-0.018,-6.226,-48.462,82.886
1.155,-0.009,-0.077,-18.311,-72.510,82.520
1.169,0.069,-0.083,-23.499,-54.932,59.387
1.352,0.374,0.018,-33.569,-23.376,51.208
1.322,0.431,0.003,-41.260,-23.254,71.289
1.476,0.632,0.117,-27.527,-32.593,67.688
1.538,0.618,0.183,-5.554,-41.870,68.970
1.511,0.533,0.172,12.878,-64.270,74.829
1.473,0.468,0.112,25.452,-82.153,77.637
1.401,0.322,0.107,30.396,-84.595,75.073
1.373,0.273,0.093,26.184,-76.660,63.660
1.385,0.347,0.108,13.062,-62.012,51.331
1.424,0.463,0.064,-0.916,-46.936,50.293
1.424,0.490,0.114,-7.507,-30.823,54.810
1.421,0.556,0.084,-9.949,-21.667,54.810

0.949,0.234,0.164,2.319,2.136,5.737
0.957,0.151,0.121,-0.183,4.822,5.371
0.933,0.205,0.197,-6.104,11.597,2.808
0.969,0.222,0.239,-11.108,18.860,2.502
1.032,0.210,0.252,-9.338,24.719,5.249
1.124,0.247,0.243,-5.859,26.550,5.859
1.198,0.255,0.234,-2.441,24.414,7.690
1.261,0.265,0.254,1.953,18.616,10.132
1.325,0.311,0.284,7.629,12.573,9.583
1.391,0.329,0.283,16.663,9.705,6.409
1.464,0.316,0.232,26.733,9.705,0.916
1.532,0.297,0.156,32.227,12.451,-5.188
1.604,0.333,0.108,28.809,19.104,-11.047
1.681,0.385,0.115,21.729,30.518,-15.869
1.770,0.449,0.124,15.747,41.443,-21.790
1.839,0.500,0.124,13.916,47.913,-24.414
1.869,0.441,-0.006,17.761,49.500,-23.743
1.890,0.509,0.086,16.968,48.645,-23.987
1.942,0.471,-0.000,22.278,50.049,-28.870
1.957,0.414,-0.035,22.400,52.917,-37.842
1.925,0.385,-0.094,11.841,53.162,-51.208
1.845,0.422,-0.143,0.122,50.110,-63.843
1.757,0.339,-0.011,-7.507,45.044,-73.608
1.720,0.308,0.020,-14.038,40.710,-81.238
1.672,0.354,-0.001,-19.714,45.044,-85.327
1.613,0.328,0.032,-14.282,49.927,-90.088
1.561,0.288,0.016,-12.268,50.293,-93.140
1.496,0.273,-0.001,-10.254,51.025,-94.482
1.404,0.255,-0.002,-7.629,52.124,-93.689
1.306,0.209,0.010,-6.958,52.307,-91.309
1.244,0.180,0.049,-7.019,54.871,-91.064
1.215,0.189,0.086,-8.911,55.908,-92.407
1.168,0.200,0.063,-8.911,48.157,-92.285
1.103,0.167,0.034,-3.784,36.865,-90.271
1.014,0.139,-0.011,0.366,27.466,-87.952
0.931,0.085,-0.032,-0.061,22.400,-84.717
0.831,0.044,-0.046,-5.127,19.592,-81.299
0.720,0.014,-0.077,-13.855,20.752,-79.041
0.613,-0.011,-0.089,-25.330,30.151,-78.125
0.538,-0.027,-0.104,-38.940,45.898,-77.454
0.532,-0.025,-0.105,-52.246,63.599,-77.148
0.533,0.020,-0.085,-63.110,76.477,-78.430
0.547,0.099,-0.020,-69.946,80.750,-79.102
0.577,0.165,0.061,-67.993,74.280,-78.064
0.531,0.208,0.099,-58.411,54.016,-73.975
0.438,0.208,0.101,-46.204,26.611,-67.688
0.325,0.138,0.048,-32.532,5.615,-61.218
0.214,0.030,0.070,-20.508,-1.343,-57.983
0.137,-0.057,0.012,-16.113,-0.122,-56.396
0.081,-0.118,-0.066,-19.836,7.629,-53.772
0.070,-0.164,-0.111,-26.672,27.466,-51.086
0.119,-0.188,-0.143,-38.818,47.485,-50.720
0.165,-0.151,-0.146,-53.528,59.875,-51.758
0.181,-0.076,-0.105,-63.416,65.674,-51.086
0.178,-0.052,-0.050,-63.232,65.918,-48.584
0.179,-0.055,-0.001,-55.298,59.448,-43.274
0.166,-0.079,0.049,-45.410,47.485,-33.020
0.144,-0.092,0.024,-36.255,32.898,-22.766
0.117,-0.141,0.026,-29.236,21.057,-15.442
0.114,-0.156,-0.003,-24.536,15.869,-12.817
0.110,-0.154,-0.022,-22.644,14.709,-6.775
0.154,-0.133,-0.032,-21.484,13.794,0.061
0.211,-0.137,-0.033,-21.545,10.742,10.315
0.256,-0.140,-0.032,-20.508,4.883,19.836
0.300,-0.105,-0.045,-19.226,-1.831,25.269
0.335,-0.078,-0.048,-18.005,-7.874,29.846
0.393,-0.048,-0.058,-15.442,-11.780,34.241
0.437,-0.046,-0.028,-10.376,-13.306,40.344
0.495,-0.010,-0.001,-5.249,-14.771,41.260
0.547,0.027,0.019,-0.244,-16.296,40.344
0.589,0.039,0.010,8.240,-18.188,39.673
0.613,0.005,0.025,19.897,-18.860,41.260
0.636,-0.012,0.017,29.053,-20.264,38.208
0.632,-0.050,-0.010,33.997,-22.339,35.889
0.611,-0.071,-0.046,36.560,-23.682,33.508
0.590,-0.081,-0.063,36.133,-22.217,31.982
0.592,-0.106,-0.065,34.302,-17.334,32.288
0.614,-0.106,-0.069,30.273,-10.559,35.034
0.654,-0.084,-0.065,25.635,-4.944,39.124
0.705,-0.047,-0.055,23.071,-2.075,43.701
0.748,-0.001,-0.052,23.437,-1.770,48.035
0.791,0.028,-0.047,26.428,-3.418,52.429
0.832,0.046,-0.054,31.860,-7.935,55.664
0.853,0.038,-0.052,37.354,-15.137,57.739
0.839,0.013,-0.066,41.382,-22.400,57.068
0.799,0.003,-0.095,43.823,-25.513,54.443
0.796,-0.038,-0.124,44.006,-24.353,52.124
0.802,-0.090,-0.146,41.565,-20.691,51.331
0.803,-0.104,-0.161,35.400,-16.968,52.429
0.836,-0.115,-0.153,27.222,-13.123,53.955
0.870,-0.065,-0.149,19.531,-8.057,53.894
0.908,0.008,-0.157,15.991,-3.174,53.345
0.956,0.053,-0.148,16.602,-1.892,53.467
0.976,0.092,-0.126,18.921,-7.202,54.993
0.962,0.113,-0.109,21.973,-16.296,58.472
0.953,0.094,-0.106,25.635,-23.437,61.584
0.966,0.036,-0.112,28.564,-25.330,63.660
0.991,-0.025,-0.139,28.564,-21.240,65.369
1.007,-0.050,-0.176,24.048,-13.306,65.735
1.043,-0.058,-0.207,17.151,-4.517,64.941
1.101,-0.024,-0.216,8.057,4.639,64.392
1.157,0.042,-0.217,0.549,11.780,63.110
1.202,0.115,-0.215,-4.761,13.977,60.303
1.232,0.213,-0.197,-7.812,11.169,57.922
1.413,0.387,-0.055,-2.319,0.366,59.998
1.274,0.302,-0.061,-0.854,-43.457,75.745
1.235,0.237,-0.015,19.226,-66.711,65.674
1.289,0.365,-0.036,32.043,-67.139,54.504
1.172,0.224,-0.040,35.889,-68.054,69.641
1.125,0.094,-0.117,34.729,-78.369,80.688
1.229,0.082,-0.075,30.396,-67.993,75.745
1.173,0.162,-0.053,20.386,-53.284,75.562
1.176,0.283,-0.089,8.301,-41.016,74.463
1.270,0.347,-0.043,-2.075,-27.039,73.547
1.316,0.416,-0.050,-5.981,-14.221,68.542
1.357,0.470,-0.035,-5.127,-6.104,57.495
1.412,0.488,-0.016,-5.432,-7.446,41.016
1.443,0.542,-0.042,-6.165,-13.245,26.672
1.347,0.495,0.030,-3.784,-17.090,20.447

0.984,0.196,0.087,11.047,5.676,2.930
1.048,0.142,0.059,13.123,7.568,5.249
1.116,0.165,0.055,10.620,10.864,6.287
1.197,0.220,0.064,5.310,11.108,5.920
1.238,0.247,0.060,4.272,6.714,6.714
1.308,0.278,0.073,3.052,2.075,5.249
1.376,0.303,0.096,4.517,-0.183,3.296
1.438,0.324,0.094,8.240,-2.808,0.549
1.500,0.319,0.088,13.550,-3.906,-2.686
1.550,0.349,0.076,17.578,-3.906,-6.409
1.613,0.396,0.070,20.020,-2.014,-11.780
1.688,0.429,0.088,23.804,4.028,-18.433
1.779,0.454,0.097,29.419,11.780,-24.658
1.858,0.477,0.105,36.072,17.700,-30.151
1.911,0.499,0.095,41.748,19.531,-35.828
1.938,0.500,0.073,44.983,19.714,-41.321
1.923,0.478,0.050,46.448,20.508,-44.434
1.880,0.413,0.056,46.875,21.912,-45.593
1.802,0.356,0.112,42.419,23.865,-47.302
1.758,0.287,-0.020,34.546,27.466,-49.194
1.688,0.244,-0.051,27.954,34.180,-50.415
1.654,0.231,-0.074,14.221,40.161,-52.124
1.652,0.251,-0.041,3.113,42.725,-54.626
1.634,0.264,-0.036,-2.808,44.006,-57.007
1.618,0.228,-0.046,-5.920,44.006,-61.951
1.570,0.247,0.035,-7.751,42.908,-69.092
1.533,0.255,0.009,-6.287,44.495,-76.660
1.455,0.219,-0.025,-0.244,47.058,-81.177
1.360,0.187,-0.013,6.104,46.509,-82.825
1.276,0.187,0.008,7.935,45.227,-84.045
1.196,0.169,0.034,5.798,41.870,-86.121
1.097,0.145,0.026,1.404,35.583,-87.219
1.009,0.120,0.010,-2.441,32.410,-87.769
0.931,0.105,0.010,-5.188,35.034,-88.257
0.858,0.086,0.010,-10.071,40.833,-89.050
0.795,0.084,0.016,-16.724,46.570,-90.027
0.721,0.102,0.026,-23.071,50.049,-90.393
0.638,0.119,0.010,-26.245,52.063,-88.928
0.570,0.094,-0.019,-25.085,54.810,-85.754
0.509,0.087,-0.027,-26.611,57.678,-81.360
0.441,0.089,-0.060,-31.982,58.228,-76.843
0.379,0.074,-0.091,-36.743,57.434,-72.021
0.338,0.024,-0.139,-41.748,56.763,-68.298
0.307,-0.013,-0.187,-49.133,55.908,-66.711
0.277,-0.010,-0.196,-59.265,56.946,-66.284
0.260,0.019,-0.155,-67.688,58.228,-67.200
0.225,0.038,-0.076,-71.045,58.655,-69.824
0.158,0.061,-0.013,-68.726,58.838,-71.045
0.080,0.061,0.025,-63.538,59.570,-69.641
0.037,0.022,0.052,-53.101,64.758,-64.697
0.034,0.018,0.035,-41.992,71.838,-56.519
0.060,-0.027,0.022,-37.109,68.970,-45.776
0.098,-0.069,-0.001,-31.433,60.913,-31.738
0.121,-0.104,-0.019,-24.475,50.659,-17.395
0.132,-0.141,-0.043,-19.775,39.246,-7.202
0.125,-0.229,-0.025,-21.118,28.870,-2.319
0.168,-0.192,-0.084,-28.259,16.479,-2.808
0.168,-0.175,-0.081,-35.156,1.831,1.038
0.175,-0.145,-0.067,-34.241,-2.930,6.653
0.164,-0.094,-0.062,-32.349,-4.822,10.254
0.200,-0.077,-0.010,-26.428,-4.395,14.771
0.229,-0.075,0.020,-18.188,-3.906,20.325
0.266,-0.090,0.008,-12.268,-7.263,26.550
0.300,-0.070,0.008,-4.761,-12.329,31.616
0.344,-0.006,-0.026,0.610,-17.395,36.499
0.363,-0.062,-0.073,4.272,-23.499,41.931
0.413,-0.076,-0.093,5.432,-27.893,46.021
0.451,-0.087,-0.100,1.343,-33.142,45.715
0.477,-0.022,-0.120,-4.150,-38.757,45.898
0.445,-0.045,-0.050,-2.869,-39.307,52.856
0.488,-0.001,-0.020,2.869,-36.621,52.307
0.497,0.003,0.000,6.104,-35.156,48.828
0.473,0.009,0.014,9.583,-33.936,46.936
0.466,-0.001,0.014,14.526,-32.471,47.119
0.491,-0.028,0.002,22.095,-27.832,49.683
0.523,-0.032,-0.030,26.367,-22.156,54.199
0.560,-0.021,-0.031,26.184,-19.287,58.289
0.616,0.024,-0.025,26.245,-17.822,60.730
0.680,0.080,-0.032,27.588,-18.555,62.622
0.736,0.123,-0.048,32.227,-20.935,63.232
0.794,0.114,-0.067,38.147,-24.902,61.829
0.818,0.073,-0.085,42.603,-29.053,58.411
0.795,0.045,-0.115,45.105,-29.846,53.894
0.810,0.011,-0.128,44.800,-27.100,51.086
0.820,-0.027,-0.115,42.725,-23.437,50.415
0.810,-0.032,-0.105,39.001,-18.799,51.636
0.836,-0.017,-0.097,32.043,-13.672,55.908
0.878,0.041,-0.092,26.001,-10.376,59.570
0.919,0.154,-0.100,22.644,-10.132,62.744
0.992,0.240,-0.103,22.888,-12.939,63.965
1.066,0.239,-0.114,25.513,-20.874,62.805
1.123,0.161,-0.111,26.917,-31.982,60.364
1.096,0.110,-0.127,27.954,-40.039,55.786
1.068,0.051,-0.152,28.198,-42.236,51.758
1.085,-0.001,-0.150,25.208,-41.382,51.025
1.088,-0.057,-0.141,20.386,-38.940,52.795
1.054,-0.035,-0.140,11.841,-36.133,55.847
1.033,0.037,-0.160,1.282,-30.762,59.937
1.120,0.183,-0.199,-9.766,-20.447,62.988
1.202,0.368,-0.085,-17.273,-4.883,65.552
1.253,0.353,-0.075,-25.269,-8.606,79.224
1.277,0.357,-0.007,-24.170,-27.710,77.881
1.362,0.357,0.024,-9.705,-27.039,54.138
1.407,0.447,0.053,2.441,-25.757,52.185
1.229,0.315,-0.022,11.902,-44.373,76.904
1.321,0.257,-0.026,25.940,-55.786,73.059
1.311,0.163,-0.033,31.433,-51.697,70.374
1.246,0.162,-0.089,27.405,-50.964,69.641
1.245,0.224,-0.099,15.747,-45.471,66.406
1.264,0.309,-0.131,2.441,-32.715,65.308
1.275,0.310,-0.089,-8.484,-14.160,60.303
1.371,0.425,0.005,-22.522,-1.770,41.077
1.403,0.488,0.017,-34.729,3.662,29.724
1.322,0.473,0.103,-37.537,8.423,24.780
1.291,0.468,0.152,-33.569,14.404,12.756
1.331,0.393,0.184,-24.292,26.306,2.136
1.334,0.329,0.207,-15.015,32.104,-3.540
1.351,0.371,0.159,-12.329,19.104,-6.653
1.341,0.367,0.121,-7.202,6.531,-4.761

0.931,0.212,0.149,1.221,11.108,4.456
1.015,0.200,0.176,-0.488,13.123,6.775
1.026,0.205,0.147,7.019,14.099,7.385
1.079,0.236,0.115,6.409,12.756,7.324
1.141,0.237,0.127,8.545,17.090,11.475
1.238,0.204,0.126,11.108,21.057,16.052
1.318,0.191,0.101,10.498,20.203,16.968
1.384,0.229,0.115,7.568,15.381,12.146
1.418,0.277,0.138,7.141,10.925,5.798
1.443,0.322,0.131,10.498,9.705,-0.916
1.500,0.378,0.110,15.564,12.695,-7.019
1.610,0.383,0.089,21.118,18.433,-13.611
1.740,0.395,0.065,27.466,22.766,-20.325
1.866,0.430,0.047,34.119,23.804,-26.733
1.940,0.459,0.001,40.405,22.034,-32.837
1.988,0.443,-0.045,44.495,19.836,-38.208
1.986,0.376,-0.078,46.082,18.921,-43.213
1.958,0.242,-0.239,42.419,19.775,-48.523
1.876,0.319,-0.107,28.687,22.827,-52.734
1.852,0.268,-0.118,23.743,31.189,-56.519
1.840,0.250,-0.136,17.334,39.734,-58.167
1.790,0.255,-0.128,7.690,45.715,-58.167
1.769,0.290,-0.100,1.282,48.706,-61.157
1.751,0.363,-0.101,-1.526,50.049,-67.627
1.705,0.253,-0.004,-0.427,49.316,-73.364
1.671,0.272,-0.020,-1.343,47.241,-77.942
1.612,0.312,-0.018,-1.160,44.495,-81.177
1.517,0.294,-0.034,2.808,38.452,-83.374
1.390,0.240,-0.042,4.028,32.776,-82.520
1.252,0.191,-0.023,5.432,31.921,-83.496
1.145,0.146,0.004,4.150,34.607,-86.182
1.040,0.110,0.022,-2.625,34.302,-86.548
0.972,0.128,0.048,-9.033,35.706,-84.839
0.927,0.184,0.081,-13.062,36.377,-82.703
0.901,0.193,0.086,-11.353,31.494,-78.491
0.858,0.193,0.089,-6.958,20.752,-72.632
0.806,0.164,0.073,-4.517,8.057,-67.993
0.712,0.130,0.062,-3.174,-1.465,-64.209
0.613,0.071,0.045,-4.211,-4.272,-62.134
0.520,-0.006,0.041,-7.751,-0.854,-65.125
0.391,-0.042,0.013,-17.151,8.850,-70.313
0.251,-0.093,-0.021,-28.320,26.184,-73.975
0.196,-0.126,-0.028,-42.175,49.194,-73.914
0.219,-0.071,-0.025,-58.960,70.557,-73.059
0.268,0.019,0.014,-68.726,84.351,-72.632
0.279,0.101,0.054,-67.139,84.595,-72.205
0.229,0.129,0.061,-56.702,73.181,-68.420
0.121,0.104,0.047,-42.297,57.312,-61.279
-0.007,0.038,0.019,-28.381,47.119,-54.688
-0.164,-0.045,-0.012,-19.104,45.837,-49.072
-0.382,-0.230,-0.016,-13.855,56.030,-44.556
-0.494,-0.241,-0.077,-14.160,74.585,-46.021
-0.568,-0.403,-0.075,-2.075,117.126,-36.438
-0.312,-0.565,0.003,-3.845,147.644,-35.706
-0.072,-0.417,-0.218,-51.758,105.530,-31.921
-0.167,-0.231,-0.109,-87.463,49.438,15.076
-0.108,-0.078,-0.034,-77.820,38.757,52.246
0.042,0.004,-0.096,-42.725,44.678,66.528
0.221,-0.036,-0.173,-4.883,50.354,79.468
0.374,-0.059,-0.255,8.972,40.588,82.458
0.489,-0.073,-0.305,4.944,18.494,74.951
0.501,-0.000,-0.342,-8.606,-6.104,61.340
0.528,0.105,-0.324,-18.738,-22.217,48.340
0.512,0.157,-0.302,-21.301,-26.062,41.016
0.503,0.159,-0.253,-17.273,-23.621,39.368
0.540,0.140,-0.218,-9.338,-26.001,36.255
0.554,0.123,-0.196,0.793,-26.489,32.043
0.608,0.152,-0.198,12.573,-17.517,24.109
0.627,0.074,-0.145,23.254,-12.878,28.503
0.693,0.086,-0.117,27.649,-22.644,27.893
0.702,0.095,-0.096,28.015,-33.630,26.978
0.693,0.098,-0.081,29.297,-39.978,27.405
0.681,0.097,-0.075,30.518,-43.701,26.855
0.678,0.085,-0.069,30.884,-46.387,24.475
0.686,0.062,-0.056,29.785,-47.791,23.071
0.684,0.035,-0.038,29.297,-45.776,22.705
0.660,0.029,-0.045,30.457,-40.161,21.790
0.672,0.021,-0.078,30.701,-32.166,20.325
0.714,0.008,-0.086,30.396,-25.208,18.921
0.742,0.036,-0.062,28.198,-23.193,18.799
0.742,0.092,-0.053,26.550,-23.437,22.034
0.750,0.128,-0.039,27.893,-25.879,27.771
0.768,0.144,-0.046,30.212,-30.396,32.959
0.775,0.124,-0.086,29.907,-35.339,35.767
0.818,0.038,-0.094,25.391,-40.710,36.438
0.855,-0.049,-0.088,18.494,-43.579,36.133
0.811,-0.057,-0.089,12.512,-40.100,35.034
0.773,-0.053,-0.077,10.437,-27.893,33.081
0.798,-0.079,-0.064,8.728,-13.000,31.738
0.831,-0.080,-0.068,6.653,-2.686,32.410
0.845,-0.035,-0.084,5.981,4.700,34.973
0.848,0.027,-0.108,4.700,10.071,38.147
0.858,0.097,-0.131,2.991,11.292,41.382
0.878,0.167,-0.159,3.906,11.292,43.640
0.945,0.183,-0.194,5.615,9.399,43.518
1.088,0.064,-0.194,8.728,3.052,42.480
1.164,-0.036,-0.188,13.062,-5.981,42.725
1.121,-0.068,-0.207,15.625,-13.794,44.617
1.072,-0.090,-0.231,15.686,-19.348,45.715
1.058,-0.109,-0.233,15.320,-23.315,47.546
1.033,-0.098,-0.215,13.184,-28.870,52.246
0.987,-0.095,-0.217,7.874,-34.546,59.753
1.100,0.042,-0.127,4.150,-37.537,70.923
0.982,0.115,-0.159,-8.240,-59.570,94.421
1.115,0.234,-0.159,-5.981,-59.753,85.571
1.323,0.461,-0.089,-1.709,-42.114,64.575
1.354,0.297,-0.075,0.427,-45.776,80.627
1.388,0.322,-0.096,4.944,-69.336,88.196
1.499,0.240,-0.075,15.991,-66.528,80.383
1.436,0.250,-0.073,16.663,-64.270,71.838
1.419,0.291,-0.053,20.691,-62.866,64.819
1.361,0.196,-0.010,21.912,-59.631,65.979
1.394,0.209,-0.011,22.034,-50.659,60.181
1.390,0.293,-0.024,14.038,-41.443,51.453
1.417,0.405,-0.087,5.127,-33.569,44.434
1.438,0.455,-0.021,-0.183,-22.583,43.274
1.375,0.463,-0.024,-6.470,-22.095,46.021
1.457,0.437,-0.036,-8.423,-23.132,36.377
1.476,0.392,-0.047,-9.827,-18.494,25.513

0.945,0.227,0.160,14.160,3.845,15.991
0.973,0.235,0.093,16.968,14.893,17.822
1.033,0.263,0.197,21.423,21.912,19.409
1.052,0.296,0.161,15.747,16.113,20.935
1.098,0.282,0.135,15.381,16.479,22.034
1.172,0.263,0.113,13.733,18.860,20.935
1.228,0.245,0.093,10.620,20.691,16.541
1.298,0.251,0.100,7.446,22.583,11.230
1.362,0.301,0.130,4.822,24.780,6.592
1.433,0.356,0.140,5.188,27.283,2.808
1.510,0.416,0.130,9.460,30.640,0.061
1.611,0.473,0.126,14.282,31.677,-2.319
1.698,0.555,0.146,19.409,29.419,-5.920
1.765,0.597,0.135,28.259,25.757,-12.329
1.807,0.584,0.111,37.964,24.597,-20.203
1.846,0.510,0.080,41.504,25.879,-26.611
1.856,0.438,0.058,39.063,29.480,-30.762
1.901,0.284,-0.086,33.325,34.668,-34.424
1.839,0.409,0.067,18.372,36.499,-39.001
1.814,0.416,0.039,10.620,37.415,-45.593
1.785,0.424,0.028,4.456,43.152,-52.551
1.748,0.464,0.029,-3.174,51.758,-60.303
1.704,0.489,0.043,-6.958,59.204,-67.139
1.677,0.464,0.066,-6.531,65.613,-74.402
1.634,0.450,0.060,-3.540,69.336,-80.017
1.624,0.336,0.062,1.587,67.749,-83.252
1.512,0.321,-0.021,5.310,61.646,-88.440
1.393,0.318,-0.025,7.874,57.678,-92.468
1.281,0.272,0.012,7.874,58.167,-91.736
1.175,0.230,0.037,7.629,62.012,-90.881
1.131,0.199,0.055,7.324,65.369,-91.003
1.097,0.172,0.053,5.920,59.631,-90.942
1.022,0.197,0.014,4.089,50.171,-91.614
0.957,0.149,-0.018,2.686,43.457,-92.590
0.899,0.109,-0.031,-0.183,39.429,-94.360
0.818,0.085,-0.040,-5.859,37.720,-99.060
0.735,0.072,0.028,-12.024,37.903,-102.539
0.631,0.027,0.038,-12.024,36.377,-102.844
0.512,-0.008,-0.007,-5.676,35.034,-100.159
0.450,-0.027,-0.040,-3.235,39.001,-92.163
0.397,-0.043,-0.081,-3.479,42.480,-79.773
0.351,-0.054,-0.111,-3.662,42.542,-66.833
0.360,-0.061,-0.130,-5.615,41.321,-55.176
0.337,-0.084,-0.166,-12.817,39.185,-48.523
0.299,-0.079,-0.202,-22.400,42.480,-49.927
0.236,0.002,-0.222,-34.607,53.589,-53.040
0.205,0.023,-0.209,-46.936,68.970,-53.223
0.236,0.029,-0.147,-51.086,85.938,-49.988
0.271,-0.075,-0.086,-51.575,92.834,-43.945
0.238,-0.138,-0.237,-50.598,89.905,-41.382
0.271,-0.052,-0.159,-54.688,99.182,-44.373
0.314,-0.101,-0.071,-57.678,93.079,-37.598
0.317,-0.132,-0.059,-47.668,78.308,-30.579
0.284,-0.098,-0.102,-34.729,62.683,-24.780
0.289,-0.141,-0.153,-25.208,50.842,-12.207
0.387,-0.180,-0.176,-19.714,41.809,-1.343
0.415,-0.173,-0.222,-18.494,29.663,-0.793
0.373,-0.113,-0.262,-19.836,18.005,-5.249
0.368,-0.086,-0.273,-21.912,11.902,-8.423
0.382,-0.086,-0.233,-21.179,10.986,-11.108
0.401,-0.066,-0.180,-19.653,10.254,-12.634
0.438,-0.067,-0.098,-14.343,1.404,-10.559
0.387,-0.123,-0.284,-4.150,-15.808,-7.935
0.412,-0.128,-0.311,1.587,-15.442,-9.583
0.433,-0.108,-0.244,0.122,-8.179,-6.409
0.472,-0.119,-0.155,-3.601,-10.193,0.977
0.474,-0.097,-0.134,-2.991,-20.325,5.615
0.451,-0.060,-0.167,-1.221,-29.785,10.315
0.494,-0.047,-0.181,0.610,-34.607,16.968
0.557,-0.011,-0.156,4.578,-38.696,19.592
0.571,0.033,-0.186,7.874,-44.800,22.400
0.608,-0.038,-0.165,12.268,-51.208,26.611
0.646,-0.066,-0.142,16.907,-56.580,25.513
0.602,-0.080,-0.147,19.897,-60.486,21.301
0.579,-0.108,-0.123,22.339,-59.631,18.799
0.569,-0.130,-0.092,25.146,-57.556,18.738
0.550,-0.153,-0.070,28.076,-58.350,20.264
0.537,-0.115,-0.065,29.785,-61.401,21.423
0.541,-0.118,-0.052,30.029,-62.927,24.414
0.563,-0.108,-0.045,31.677,-61.707,24.536
0.574,-0.093,-0.077,33.875,-57.434,23.071
0.625,-0.097,-0.071,32.959,-49.500,22.400
0.687,-0.068,-0.056,30.334,-42.603,21.851
0.737,-0.032,-0.033,28.992,-39.856,19.531
0.754,-0.019,-0.006,32.410,-39.063,15.747
0.726,-0.042,-0.009,39.429,-41.931,13.306
0.656,-0.091,-0.007,44.983,-47.485,12.146
0.566,-0.128,0.003,47.180,-50.476,14.893
0.494,-0.073,0.009,43.884,-47.913,22.400
0.505,-0.040,0.052,37.598,-41.016,33.020
0.581,-0.076,0.043,32.715,-31.128,44.495
0.667,-0.044,0.001,28.015,-19.531,51.758
0.771,0.014,-0.036,22.095,-11.597,54.688
0.897,0.052,-0.043,17.944,-8.911,55.908
0.948,0.065,-0.041,18.433,-11.475,56.885
0.953,0.062,-0.027,23.437,-20.508,57.922
0.948,0.044,-0.035,29.663,-34.668,60.242
0.930,0.001,-0.053,33.569,-49.194,63.660
0.907,-0.026,-0.084,34.424,-61.218,65.613
0.873,-0.044,-0.131,32.104,-67.017,66.345
0.831,-0.073,-0.210,24.414,-63.965,66.772
0.823,-0.099,-0.242,7.812,-49.072,68.665
0.834,-0.065,-0.258,-15.015,-23.987,70.068
0.905,0.031,-0.188,-36.804,6.042,68.176
1.188,0.184,-0.175,-52.429,29.724,67.322
1.301,0.532,-0.058,-58.228,50.415,66.040
1.462,0.468,0.292,-51.636,36.133,78.735
1.469,0.328,-0.006,-33.386,-38.086,93.506
1.437,0.334,-0.062,-10.132,-75.439,80.872
1.390,0.261,-0.064,4.578,-87.341,68.665
1.363,0.296,-0.021,5.920,-87.158,69.458
1.224,-0.013,0.030,4.150,-85.938,81.055
1.250,0.096,0.005,1.038,-74.707,72.510
1.225,0.204,0.023,-3.235,-48.828,65.735
1.312,0.300,0.084,-12.207,-22.583,67.810
1.428,0.368,0.183,-17.151,-2.808,68.604
1.579,0.514,0.205,-14.954,3.723,66.650
1.643,0.564,0.074,-8.728,-4.456,67.993
1.712,0.474,0.159,-1.343,-6.653,72.815

1.001,0.117,0.091,18.372,2.075,5.066
0.970,0.194,0.062,14.954,-3.845,8.667
1.047,0.230,0.137,18.799,-1.587,14.954
1.110,0.254,0.151,24.170,9.827,17.883
1.201,0.219,0.141,28.748,13.977,17.883
1.257,0.176,0.100,30.457,13.306,17.700
1.340,0.148,0.077,26.672,14.099,14.526
1.438,0.127,0.061,19.897,16.724,9.094
1.526,0.179,0.060,12.451,19.897,0.793
1.616,0.266,0.079,7.202,23.071,-7.751
1.723,0.329,0.077,7.568,22.766,-15.381
1.811,0.344,0.054,12.756,16.846,-21.118
1.889,0.363,0.037,18.127,7.385,-26.062
1.933,0.367,0.011,22.461,-1.526,-32.715
1.908,0.343,-0.025,24.353,-7.080,-41.260
1.847,0.327,-0.075,23.499,-6.592,-50.415
1.783,0.286,-0.104,17.883,1.953,-57.251
1.752,0.198,-0.077,7.324,18.066,-61.829
1.725,0.182,0.045,-9.827,36.011,-64.575
1.757,0.184,-0.075,-25.513,45.349,-65.735
1.722,0.211,-0.007,-26.001,43.579,-63.965
1.653,0.265,-0.008,-22.705,33.936,-58.838
1.566,0.229,0.012,-14.160,20.935,-50.781
1.487,0.194,0.009,-6.165,13.306,-45.654
1.419,0.161,0.018,-3.662,11.841,-44.678
1.334,0.164,0.040,-7.019,13.000,-46.570
1.205,0.224,0.082,-12.878,20.813,-52.124
1.116,0.299,0.137,-16.235,37.659,-56.213
1.053,0.233,0.207,-15.259,56.946,-56.030
1.082,0.227,0.252,-14.709,71.960,-55.176
1.109,0.219,0.285,-16.052,76.111,-57.739
1.073,0.234,0.282,-15.930,68.420,-59.570
1.007,0.244,0.236,-11.719,55.420,-59.937
0.938,0.256,0.229,-8.850,46.021,-61.096
0.848,0.255,0.244,-8.911,39.795,-61.157
0.766,0.243,0.260,-7.263,34.485,-61.096
0.695,0.195,0.233,-4.272,33.752,-60.852
0.641,0.166,0.206,-3.418,37.659,-61.096
0.611,0.164,0.186,-5.493,42.297,-62.378
0.578,0.151,0.165,-8.423,44.617,-63.965
0.543,0.119,0.141,-9.705,49.866,-66.406
0.541,0.087,0.144,-9.949,57.312,-67.566
0.512,0.062,0.135,-6.531,61.951,-68.298
0.454,0.023,0.063,-0.671,62.317,-67.200
0.384,-0.033,-0.041,3.967,59.937,-63.171
0.328,-0.070,-0.131,2.441,60.181,-57.007
0.301,-0.115,-0.198,-4.150,63.843,-49.805
0.317,-0.161,-0.181,-10.803,65.979,-43.762
0.320,-0.161,-0.204,-17.334,59.570,-40.100
0.294,-0.135,-0.219,-23.193,53.955,-38.818
0.288,-0.144,-0.236,-25.085,52.979,-35.889
0.311,-0.188,-0.226,-25.146,54.260,-31.555
0.315,-0.209,-0.233,-26.367,53.955,-28.564
0.306,-0.212,-0.232,-28.259,51.575,-25.513
0.318,-0.206,-0.231,-29.724,48.096,-21.362
0.323,-0.187,-0.250,-29.907,44.922,-17.700
0.341,-0.201,-0.286,-28.442,43.945,-14.099
0.364,-0.217,-0.319,-29.236,43.823,-10.132
0.367,-0.198,-0.331,-32.776,43.335,-5.554
0.406,-0.171,-0.317,-36.133,40.894,-0.488
0.486,-0.171,-0.306,-36.682,37.415,4.822
0.495,-0.172,-0.311,-32.104,32.593,7.507
0.488,-0.145,-0.314,-26.917,26.428,8.484
0.511,-0.118,-0.308,-25.146,19.836,10.132
0.522,-0.090,-0.309,-22.949,11.353,12.329
0.534,-0.053,-0.285,-19.409,2.197,14.160
0.545,-0.014,-0.277,-15.198,-8.911,14.832
0.512,-0.034,-0.271,-9.766,-20.020,15.076
0.510,-0.049,-0.235,-2.930,-26.184,14.038
0.499,-0.095,-0.225,0.916,-32.166,13.611
0.469,-0.134,-0.208,4.517,-34.729,14.832
0.457,-0.149,-0.176,6.775,-36.560,16.968
0.431,-0.194,-0.158,7.141,-38.086,21.179
0.418,-0.211,-0.130,6.470,-38.513,24.841
0.403,-0.201,-0.102,3.784,-37.781,28.687
0.412,-0.143,-0.055,-0.427,-35.461,33.691
0.445,-0.092,-0.030,-1.526,-32.715,37.903
0.479,-0.017,-0.011,-0.122,-28.870,41.504
0.519,0.063,0.006,-0.061,-26.123,45.227
0.587,0.076,0.008,2.258,-25.879,47.913
0.630,0.039,0.008,8.789,-28.137,47.913
0.638,-0.001,-0.002,16.113,-29.236,45.044
0.637,-0.060,-0.031,19.592,-28.687,40.894
0.613,-0.089,-0.041,19.836,-26.489,38.696
0.595,-0.101,-0.030,19.226,-23.987,39.368
0.593,-0.100,-0.019,17.761,-21.301,42.114
0.598,-0.078,-0.042,15.259,-16.907,46.509
0.612,-0.002,-0.060,11.719,-12.451,53.467
0.641,0.105,-0.033,7.263,-11.719,61.157
0.701,0.148,-0.043,8.728,-12.146,66.284
0.784,0.145,-0.073,13.611,-11.963,69.336
0.875,0.076,-0.116,17.578,-10.742,70.007
0.913,0.001,-0.160,16.968,-7.568,66.345
0.915,-0.032,-0.187,12.207,-2.869,60.120
0.900,-0.021,-0.191,4.822,0.916,54.382
0.901,0.004,-0.176,-1.526,5.188,52.307
0.908,0.052,-0.160,-5.554,5.615,53.467
0.917,0.141,-0.172,-7.385,1.465,57.068
0.940,0.222,-0.195,-7.996,-4.028,59.814
1.025,0.284,-0.192,-7.141,-11.353,63.538
1.164,0.255,-0.181,-3.174,-23.987,67.078
1.219,0.149,-0.184,1.465,-39.673,70.984
1.163,-0.019,-0.337,3.113,-50.476,71.472
1.303,0.161,-0.079,0.916,-45.288,70.801
1.202,0.000,-0.172,-12.939,-65.918,82.886
1.312,0.017,-0.128,-12.695,-62.683,68.420
1.342,0.222,-0.084,-11.169,-46.204,51.331
1.366,0.408,-0.042,-7.263,-39.612,49.927
1.436,0.482,0.039,1.282,-46.021,60.974
1.378,0.404,0.021,12.451,-68.115,74.341
1.390,0.414,0.013,30.457,-84.473,70.435
1.348,0.319,0.029,38.513,-97.839,68.237
1.290,0.220,0.000,38.574,-107.300,64.636
1.237,0.192,-0.093,28.687,-96.375,57.373
1.184,0.049,-0.132,13.855,-64.392,48.828
1.360,0.104,-0.036,-3.723,-27.710,32.532
1.362,0.252,-0.066,-25.940,-10.864,29.358
1.399,0.350,-0.035,-36.865,8.423,36.499
1.478,0.377,0.044,-36.072,25.146,39.001

1.054,0.186,0.104,-6.836,9.155,-1.465
1.085,0.195,0.059,-6.470,7.935,2.502
1.181,0.240,0.120,-6.042,5.493,5.920
1.251,0.247,0.121,-4.272,3.723,8.057
1.312,0.260,0.135,-0.793,1.892,8.789
1.404,0.286,0.117,3.235,3.052,10.071
1.497,0.307,0.088,7.141,5.493,10.742
1.591,0.332,0.056,9.766,6.165,11.963
1.697,0.374,0.053,10.315,5.249,13.062
1.822,0.426,0.099,11.841,3.662,14.282
1.968,0.488,0.142,17.700,0.122,14.465
2.109,0.557,0.176,28.442,-3.357,9.460
2.178,0.566,0.181,42.297,-6.653,1.404
2.145,0.505,0.169,55.237,-8.301,-7.446
2.057,0.444,0.149,62.012,-4.028,-17.212
1.989,0.424,0.108,61.279,8.057,-26.855
1.923,0.407,0.062,54.688,25.757,-34.729
1.884,0.410,0.013,43.701,45.227,-39.063
1.824,0.424,0.115,29.663,63.721,-38.269
1.763,0.416,0.003,16.846,73.181,-35.828
1.712,0.388,0.016,14.221,76.233,-36.377
1.649,0.359,0.014,6.409,70.984,-39.063
1.525,0.358,-0.009,-0.061,57.861,-42.786
1.370,0.372,-0.092,-3.723,46.082,-43.640
1.194,0.331,0.130,-10.681,41.016,-40.527
1.121,0.385,0.131,-17.395,39.856,-36.865
0.988,0.355,0.133,-17.334,41.260,-40.344
0.877,0.271,0.185,-13.794,46.265,-49.927
0.835,0.258,0.177,-13.855,52.856,-59.570
0.796,0.244,0.148,-13.855,57.800,-68.542
0.773,0.231,0.136,-16.235,62.317,-77.271
0.736,0.207,0.114,-19.897,63.721,-85.266
0.658,0.217,0.099,-23.254,62.256,-92.896
0.567,0.239,0.092,-24.109,60.364,-99.609
0.500,0.229,0.111,-27.588,58.594,-100.464
0.477,0.203,0.116,-31.616,56.396,-95.642
0.464,0.202,0.124,-32.104,53.284,-90.271
0.448,0.163,0.095,-28.564,50.903,-86.487
0.438,0.111,0.028,-24.231,51.025,-83.191
0.440,0.063,-0.020,-24.353,49.805,-77.515
0.405,0.021,-0.067,-27.344,46.692,-73.914
0.343,-0.007,-0.097,-33.264,46.082,-72.388
0.275,-0.028,-0.123,-40.283,49.683,-71.472
0.234,-0.063,-0.147,-45.837,57.068,-70.068
0.231,-0.099,-0.169,-50.110,66.040,-68.481
0.251,-0.107,-0.187,-52.002,73.303,-66.040
0.260,-0.108,-0.187,-49.805,75.500,-62.988
0.269,-0.099,-0.164,-46.021,68.359,-57.861
0.239,-0.099,-0.117,-40.222,54.749,-50.720
0.172,-0.068,-0.090,-33.875,38.940,-42.908
0.122,-0.063,-0.086,-27.222,26.794,-35.156
0.122,-0.077,-0.082,-21.851,23.560,-30.334
0.101,-0.151,-0.106,-18.616,27.771,-28.564
0.126,-0.121,-0.115,-20.630,33.081,-29.907
0.149,-0.134,-0.100,-24.414,40.344,-28.381
0.197,-0.144,-0.118,-26.855,44.128,-25.757
0.249,-0.108,-0.108,-28.870,44.800,-19.897
0.303,-0.095,-0.091,-26.611,46.204,-10.498
0.359,-0.081,-0.092,-20.264,41.016,-1.831
0.400,-0.045,-0.115,-13.794,29.724,6.409
0.445,-0.051,-0.115,-6.836,17.822,13.428
0.505,-0.009,-0.122,-0.671,4.700,16.602
0.523,-0.055,-0.142,6.165,-9.033,18.066
0.508,-0.068,-0.165,14.832,-21.301,17.639
0.501,-0.052,-0.188,17.090,-28.992,14.954
0.508,-0.031,-0.198,16.724,-30.945,15.198
0.506,-0.035,-0.174,16.418,-31.067,18.677
0.514,-0.017,-0.146,16.052,-32.104,21.301
0.516,0.013,-0.129,15.381,-33.142,22.583
0.501,0.021,-0.104,15.442,-32.959,26.489
0.492,0.018,-0.095,15.930,-31.067,29.846
0.482,0.037,-0.087,15.625,-28.992,32.104
0.478,0.041,-0.061,15.076,-26.855,33.875
0.483,0.012,-0.017,16.785,-24.841,34.424
0.489,0.018,0.003,20.264,-22.339,34.912
0.491,0.024,-0.001,23.010,-18.188,36.621
0.509,0.034,-0.026,25.330,-12.451,39.185
0.546,0.039,-0.062,27.039,-5.981,42.175
0.582,0.026,-0.116,27.771,0.244,43.762
0.622,0.021,-0.177,24.719,3.296,44.067
0.678,0.021,-0.211,20.386,2.625,44.006
0.707,0.031,-0.218,17.334,-1.099,43.396
0.724,0.008,-0.202,16.235,-8.179,42.664
0.733,-0.028,-0.183,16.968,-18.188,41.016
0.702,-0.065,-0.171,17.517,-28.442,41.077
0.684,-0.085,-0.148,15.503,-34.241,44.373
0.669,-0.103,-0.143,13.611,-35.339,49.438
0.719,-0.050,-0.145,10.498,-33.386,56.030
0.778,-0.028,-0.174,7.080,-29.724,61.523
0.813,0.001,-0.212,6.165,-26.001,62.622
0.866,0.037,-0.241,4.028,-21.790,61.035
0.939,0.068,-0.289,-0.305,-17.334,57.251
1.022,0.057,-0.333,-7.690,-14.160,49.683
1.122,0.044,-0.325,-16.052,-10.254,40.283
1.176,0.074,-0.318,-21.240,-5.188,31.738
1.328,0.183,-0.343,-24.170,-2.441,25.330
1.400,0.275,-0.123,-18.494,1.892,24.170
1.385,0.170,-0.168,-12.390,-22.583,48.462
1.275,0.108,-0.146,-8.301,-84.412,68.542
1.403,0.084,-0.138,14.160,-103.760,51.514
1.488,0.278,-0.114,23.132,-106.140,42.358
1.296,0.128,-0.143,24.719,-125.366,77.698
1.312,0.113,-0.136,20.203,-147.827,87.769
1.371,0.103,-0.150,14.526,-134.399,76.538
1.344,0.164,-0.161,4.822,-107.971,70.068
1.329,0.166,-0.116,-5.920,-76.172,65.186
1.372,0.158,-0.094,-15.198,-37.354,56.335
1.595,0.270,0.105,-23.987,-1.709,36.255
1.654,0.416,0.040,-37.048,3.845,34.119
1.663,0.434,0.097,-30.212,2.197,51.392
1.715,0.447,0.171,-10.193,-0.977,48.279
1.663,0.478,0.058,-4.456,-26.917,39.429
1.616,0.357,0.165,2.502,-40.955,30.518
1.539,0.367,0.163,0.610,-57.434,17.395
1.471,0.345,0.202,-3.723,-61.584,8.911
1.430,0.321,0.172,-1.709,-52.490,6.531
1.438,0.310,0.149,-1.404,-42.236,5.249
1.422,0.280,0.117,-1.099,-27.039,7.080
1.417,0.266,0.075,-3.174,-14.771,5.127

1.303,0.158,0.106,14.038,17.578,3.723
1.371,0.195,0.093,10.498,19.775,3.845
1.444,0.253,0.163,9.094,19.592,5.615
1.508,0.292,0.152,6.042,16.174,5.737
1.569,0.324,0.142,8.545,15.869,3.540
1.654,0.352,0.129,9.949,17.761,-0.977
1.741,0.366,0.114,10.803,17.944,-6.104
1.784,0.388,0.103,11.841,16.602,-11.047
1.818,0.415,0.094,13.367,15.747,-15.442
1.821,0.432,0.085,15.747,14.648,-19.165
1.812,0.443,0.079,18.311,14.648,-22.339
1.821,0.443,0.081,21.790,16.907,-27.466
1.810,0.424,0.056,26.184,20.264,-34.241
1.793,0.413,0.029,27.832,24.414,-42.114
1.761,0.406,0.019,28.320,30.273,-51.147
1.711,0.387,-0.003,30.212,37.170,-58.472
1.639,0.309,-0.021,32.837,43.701,-61.279
1.562,0.254,-0.061,30.762,51.819,-61.157
1.499,0.244,-0.008,21.545,61.707,-58.411
1.495,0.220,-0.016,10.864,64.026,-53.772
1.456,0.248,-0.008,7.874,59.509,-49.561
1.393,0.262,-0.032,3.174,51.208,-43.640
1.319,0.256,-0.050,-1.282,40.955,-37.842
1.273,0.264,-0.032,-5.127,32.593,-34.241
1.198,0.311,-0.023,-9.827,23.804,-36.194
1.144,0.281,0.065,-14.465,11.353,-40.894
1.061,0.323,0.027,-18.921,1.587,-47.668
0.970,0.309,-0.009,-17.212,3.235,-57.190
0.896,0.259,-0.003,-13.000,11.475,-72.449
0.837,0.176,0.015,-15.259,21.179,-89.050
0.777,0.103,0.044,-20.325,29.602,-102.356
0.697,0.105,0.083,-26.245,35.278,-106.750
0.640,0.113,0.105,-29.724,38.330,-103.271
0.614,0.091,0.116,-27.283,38.940,-94.482
0.565,0.045,0.077,-22.095,35.461,-83.008
0.521,0.008,0.059,-19.836,31.006,-74.097
0.448,0.012,0.031,-23.987,24.170,-68.054
0.360,0.004,-0.021,-29.480,19.043,-63.843
0.277,-0.020,-0.039,-32.898,24.353,-59.875
0.229,-0.034,-0.061,-37.048,38.391,-56.580
0.225,-0.073,-0.069,-44.495,53.467,-55.420
0.237,-0.102,-0.058,-53.284,67.261,-56.091
0.246,-0.066,-0.031,-57.007,77.148,-59.326
0.263,-0.102,-0.010,-53.406,79.468,-61.523
0.277,-0.149,0.023,-45.776,72.815,-58.472
0.227,-0.144,0.032,-38.513,57.007,-51.941
0.117,-0.170,0.011,-31.860,39.185,-41.138
0.048,-0.197,-0.039,-24.597,28.442,-31.311
0.016,-0.222,-0.088,-19.958,26.855,-21.301
0.016,-0.254,-0.135,-20.508,31.982,-9.521
0.065,-0.296,-0.139,-22.949,40.466,-2.930
0.127,-0.351,-0.123,-28.015,46.997,0.000
0.173,-0.250,-0.176,-39.307,44.250,2.563
0.182,-0.160,-0.185,-44.556,41.199,15.198
0.257,-0.127,-0.116,-37.598,42.542,27.283
0.358,-0.103,-0.100,-25.940,38.818,34.180
0.404,-0.055,-0.089,-14.160,27.283,36.804
0.413,-0.028,-0.104,-5.249,12.268,38.086
0.418,-0.032,-0.118,0.061,-3.052,38.208
0.398,-0.003,-0.135,2.747,-15.442,36.011
0.366,-0.045,-0.145,4.578,-20.081,36.926
0.369,-0.070,-0.150,5.371,-19.287,38.635
0.387,-0.079,-0.147,5.310,-14.587,39.246
0.447,-0.008,-0.143,5.371,-6.348,39.063
0.480,-0.038,-0.136,4.700,-2.075,43.518
0.536,-0.029,-0.101,7.263,-1.282,47.729
0.573,0.053,-0.083,8.484,-5.676,48.279
0.559,0.063,-0.084,8.911,-12.817,52.002
0.555,0.104,-0.044,13.000,-18.433,53.467
0.568,0.169,-0.029,16.418,-22.400,49.866
0.585,0.160,-0.022,21.362,-23.376,43.579
0.622,0.093,-0.023,28.564,-22.705,37.598
0.647,0.026,-0.033,32.776,-21.545,33.936
0.658,-0.020,-0.068,33.752,-19.470,32.227
0.671,-0.056,-0.105,32.104,-15.991,32.288
0.683,-0.072,-0.140,27.588,-10.986,34.119
0.715,-0.046,-0.138,22.095,-6.775,38.269
0.739,0.008,-0.123,19.043,-7.812,43.396
0.760,0.053,-0.113,19.409,-14.343,48.584
0.771,0.113,-0.113,19.897,-23.437,53.528
0.790,0.158,-0.101,21.179,-32.104,56.885
0.843,0.108,-0.076,24.414,-37.964,56.030
0.855,0.049,-0.082,27.893,-38.818,51.514
0.853,-0.012,-0.119,28.259,-36.438,46.631
0.866,-0.067,-0.143,24.048,-33.020,44.250
0.873,-0.099,-0.149,16.663,-28.809,44.983
0.863,-0.113,-0.129,9.094,-23.499,46.143
0.840,-0.068,-0.116,1.404,-16.663,46.204
0.871,0.015,-0.114,-3.723,-10.559,47.668
0.938,0.133,-0.101,-4.761,-8.972,52.124
1.026,0.214,-0.082,-2.075,-14.526,59.021
1.091,0.236,-0.065,2.930,-26.062,64.148
1.120,0.225,-0.091,9.644,-36.133,63.843
1.139,0.193,-0.123,12.268,-40.588,59.753
1.111,0.154,-0.149,9.583,-40.588,54.688
1.262,0.214,-0.050,7.629,-37.598,52.795
1.138,0.099,-0.093,-3.235,-59.753,66.162
1.211,0.084,-0.089,-0.793,-64.209,55.481
1.275,0.348,-0.017,0.549,-55.542,43.701
1.149,0.260,0.036,-4.211,-61.768,67.627
1.226,0.359,0.027,-4.395,-76.782,79.102
1.295,0.435,0.060,4.028,-69.031,77.942
1.290,0.434,0.056,5.554,-65.308,85.083
1.356,0.469,0.019,3.967,-61.035,86.731
1.340,0.374,0.022,1.099,-46.570,80.017
1.396,0.375,0.034,-5.737,-27.649,57.495
1.431,0.456,-0.007,-19.775,-13.611,34.668
1.355,0.438,0.056,-30.273,-0.549,24.902
1.253,0.415,0.039,-37.659,9.827,17.700
1.354,0.507,0.003,-44.739,25.574,2.747
1.429,0.528,0.048,-40.405,46.631,-7.568
1.564,0.576,0.033,-29.846,46.692,-17.700
1.707,0.577,0.052,-13.977,28.992,-23.071
1.736,0.532,0.045,-2.380,-4.395,-18.738
1.672,0.513,-0.054,3.540,-46.875,-11.230
1.635,0.479,-0.111,7.568,-80.322,-2.686
1.520,0.364,-0.073,13.855,-90.393,9.399
1.431,0.268,-0.044,19.409,-83.862,12.390
1.404,0.279,-0.021,14.587,-77.393,6.226

0.848,0.161,0.135,0.427,13.062,-0.793
0.885,0.135,0.098,0.854,22.583,-0.549
0.948,0.125,0.181,-0.732,31.555,1.648
1.008,0.135,0.184,-4.333,32.471,3.296
1.052,0.169,0.179,-3.906,27.100,5.676
1.092,0.189,0.157,-2.869,21.179,11.414
1.105,0.178,0.164,-0.977,16.357,17.700
1.135,0.171,0.177,0.793,14.526,22.644
1.174,0.180,0.196,3.357,16.418,26.184
1.269,0.209,0.199,5.310,20.630,28.198
1.396,0.260,0.192,6.958,24.780,26.184
1.505,0.320,0.188,9.033,27.710,20.691
1.581,0.401,0.192,12.573,27.771,14.465
1.661,0.465,0.198,20.813,26.123,10.498
1.729,0.500,0.164,31.799,22.034,10.071
1.837,0.538,0.111,42.297,18.921,9.888
1.940,0.548,0.057,49.500,20.874,2.930
2.006,0.525,0.015,51.270,31.128,-13.062
2.050,0.475,0.037,46.204,46.021,-34.363
2.045,0.447,0.157,34.790,56.885,-54.077
2.033,0.475,0.001,20.630,58.838,-67.505
2.001,0.461,0.010,17.822,59.082,-74.707
1.974,0.464,-0.021,13.489,56.885,-76.843
1.931,0.468,-0.051,9.277,54.443,-79.224
1.867,0.451,-0.077,5.798,52.002,-83.801
1.756,0.422,-0.101,2.380,51.086,-91.309
1.665,0.366,-0.086,-1.282,52.185,-98.755
1.604,0.304,-0.035,-2.686,54.688,-103.760
1.441,0.284,-0.101,-3.174,55.176,-107.971
1.321,0.251,-0.112,2.380,56.824,-109.131
1.261,0.162,-0.110,5.432,59.509,-105.286
1.207,0.100,-0.128,3.113,58.838,-102.234
1.134,0.089,-0.113,-0.793,53.650,-101.379
1.039,0.108,-0.127,-4.883,44.006,-101.563
0.935,0.116,-0.143,-8.118,35.034,-99.731
0.834,0.096,-0.144,-11.597,30.396,-95.459
0.762,0.071,-0.146,-16.785,28.809,-90.515
0.725,0.047,-0.130,-22.217,30.212,-87.463
0.698,0.062,-0.102,-26.001,32.837,-85.754
0.658,0.092,-0.080,-30.151,32.654,-82.581
0.619,0.112,-0.035,-32.288,29.480,-77.393
0.568,0.145,-0.005,-30.579,22.766,-74.280
0.504,0.154,0.007,-26.733,13.855,-71.106
0.421,0.125,-0.031,-19.897,6.897,-67.078
0.323,0.064,-0.016,-12.756,5.554,-63.965
0.250,0.002,-0.038,-10.742,6.592,-60.852
0.185,-0.031,-0.056,-13.855,8.362,-56.519
0.108,-0.082,-0.080,-18.066,15.198,-52.979
0.055,-0.114,-0.095,-24.170,27.466,-50.781
0.020,-0.125,-0.081,-32.898,42.358,-47.180
0.001,-0.148,-0.079,-39.001,57.312,-43.030
-0.022,-0.227,-0.061,-42.114,70.007,-39.856
-0.032,-0.181,0.015,-42.175,79.285,-44.250
-0.116,-0.155,0.035,-41.382,82.825,-45.898
-0.221,-0.230,0.073,-36.560,83.984,-36.072
-0.224,-0.374,0.164,-31.433,86.609,-28.809
-0.255,-0.392,0.153,-33.447,83.130,-21.973
-0.146,-0.340,0.046,-26.855,84.961,-6.775
-0.070,-0.170,-0.027,-28.870,69.824,13.062
0.054,-0.148,-0.087,-29.785,50.964,43.091
0.256,-0.170,-0.167,-17.700,48.645,64.331
0.386,-0.182,-0.181,-5.554,47.363,70.679
0.492,-0.153,-0.217,-4.089,38.635,66.101
0.555,-0.076,-0.236,-8.911,25.818,56.396
0.617,0.021,-0.240,-12.268,15.808,46.021
0.686,0.082,-0.236,-10.681,10.010,39.734
0.687,0.131,-0.223,-5.493,5.127,35.278
0.709,0.129,-0.224,1.038,-2.625,33.142
0.704,0.057,-0.241,8.728,-12.878,33.325
0.719,0.082,-0.242,17.151,-13.733,30.579
0.698,-0.008,-0.225,22.156,-10.681,28.748
0.716,-0.051,-0.202,24.109,-13.733,25.879
0.745,0.015,-0.197,23.437,-20.874,21.484
0.696,-0.078,-0.163,24.109,-26.123,25.269
0.667,-0.074,-0.139,25.818,-30.640,24.536
0.634,-0.030,-0.127,25.635,-35.461,21.790
0.605,0.010,-0.120,26.062,-37.415,22.949
0.614,0.016,-0.117,28.625,-35.278,25.940
0.652,-0.024,-0.115,32.166,-32.471,28.076
0.692,-0.052,-0.123,33.691,-31.677,29.175
0.715,-0.047,-0.141,33.081,-30.396,29.785
0.737,-0.069,-0.130,32.288,-29.175,29.236
0.753,-0.099,-0.110,30.823,-29.053,27.954
0.720,-0.093,-0.109,28.015,-29.175,26.245
0.671,-0.090,-0.094,26.245,-28.687,24.536
0.638,-0.063,-0.092,26.001,-27.954,26.001
0.620,-0.035,-0.101,24.963,-26.672,32.471
0.637,0.002,-0.106,22.888,-25.330,40.649
0.690,0.026,-0.106,21.484,-23.437,48.096
0.729,0.052,-0.110,21.179,-20.264,52.795
0.781,0.038,-0.117,22.339,-15.137,54.321
0.836,0.016,-0.126,23.926,-9.766,53.284
0.876,-0.002,-0.155,24.658,-5.493,50.415
0.889,-0.014,-0.194,22.705,-2.747,45.471
0.880,-0.014,-0.209,18.372,-1.282,41.931
0.874,0.026,-0.207,14.221,-1.587,41.138
0.865,0.072,-0.216,12.573,-3.418,41.992
0.866,0.114,-0.216,11.597,-7.568,44.189
0.873,0.104,-0.192,11.230,-13.672,46.692
0.870,0.068,-0.164,13.306,-19.592,49.805
0.875,0.039,-0.168,16.052,-20.630,54.321
0.895,0.022,-0.205,16.479,-16.968,58.228
0.927,0.008,-0.222,14.282,-12.085,61.768
0.966,0.035,-0.224,10.071,-10.376,64.880
1.003,0.066,-0.235,5.127,-8.179,66.833
1.043,0.129,-0.251,-0.122,-4.639,65.491
1.188,0.321,-0.282,-5.859,-2.380,62.561
1.360,0.511,-0.091,-2.502,-3.845,61.096
1.340,0.472,-0.125,2.686,-41.077,75.439
1.302,0.320,-0.144,18.860,-88.867,77.576
1.278,0.430,-0.089,39.917,-102.356,56.580
1.081,0.234,-0.125,40.955,-110.718,67.627
0.998,0.137,-0.183,36.072,-119.202,76.172
1.041,0.099,-0.139,33.813,-97.229,68.176
1.046,0.119,-0.147,20.325,-73.059,69.031
1.101,0.235,-0.152,4.456,-53.833,71.350
1.124,0.272,-0.129,-6.714,-33.447,73.853
1.241,0.424,-0.144,-15.442,-12.451,69.275
1.355,0.543,-0.129,-22.461,2.808,63.904

1.181,0.208,-0.059,8.972,18.799,14.038
1.257,0.195,-0.028,-0.549,20.630,9.583
1.279,0.219,-0.034,-3.113,21.118,5.981
1.329,0.210,0.001,-1.221,23.254,5.005
1.415,0.241,0.028,0.610,22.583,5.737
1.544,0.279,0.018,3.540,20.447,5.005
1.647,0.338,0.001,7.568,17.273,-0.488
1.657,0.455,-0.067,9.521,14.343,-9.338
1.710,0.443,-0.072,9.644,15.198,-18.311
1.750,0.479,-0.068,11.536,19.348,-24.170
1.832,0.527,-0.055,15.076,22.461,-27.222
1.899,0.543,-0.065,21.606,22.827,-32.349
1.937,0.540,-0.096,29.663,20.508,-40.222
1.950,0.503,-0.137,36.011,17.029,-47.974
1.944,0.460,-0.182,40.100,15.930,-57.190
1.937,0.408,-0.219,40.894,17.273,-67.261
1.911,0.385,-0.239,39.001,20.264,-77.759
1.860,0.372,-0.232,35.095,25.085,-87.463
1.780,0.371,-0.237,29.114,31.250,-95.947
1.682,0.337,-0.330,22.034,38.696,-101.379
1.612,0.295,-0.209,12.146,45.288,-101.135
1.547,0.237,-0.250,3.967,49.072,-97.473
1.450,0.210,-0.275,-3.723,47.913,-91.248
1.364,0.233,-0.296,-13.611,41.443,-83.923
1.310,0.222,-0.176,-20.081,34.790,-75.500
1.294,0.301,-0.107,-25.940,27.527,-69.824
1.200,0.309,-0.143,-19.348,24.231,-73.181
1.112,0.249,-0.116,-5.188,17.517,-81.787
1.022,0.182,-0.139,-0.610,8.911,-88.928
0.886,0.102,-0.149,0.549,1.953,-92.346
0.774,0.034,-0.131,-1.953,0.671,-92.834
0.659,0.022,-0.096,-9.644,4.272,-91.736
0.552,0.048,-0.037,-19.592,12.390,-88.562
0.498,0.098,0.010,-28.381,22.827,-84.473
0.481,0.148,0.033,-30.701,33.447,-80.750
0.486,0.140,0.043,-27.222,38.574,-75.684
0.474,0.138,0.048,-22.705,33.264,-69.519
0.428,0.157,0.061,-19.226,21.301,-63.477
0.356,0.154,0.052,-14.893,7.568,-56.702
0.277,0.099,0.047,-9.521,-2.319,-49.988
0.219,0.022,0.041,-5.371,-5.005,-44.617
0.187,-0.024,0.026,-4.517,-1.282,-42.297
0.190,-0.082,-0.014,-6.531,7.385,-42.908
0.202,-0.109,-0.018,-9.949,19.897,-45.044
0.205,-0.084,-0.038,-16.052,29.846,-46.875
0.211,-0.076,-0.024,-21.484,38.574,-47.363
0.214,-0.084,-0.026,-23.376,47.302,-46.326
0.227,-0.102,-0.054,-23.621,53.284,-44.800
0.251,-0.153,-0.067,-21.667,59.448,-40.344
0.273,-0.205,-0.074,-18.555,63.599,-33.936
0.292,-0.252,-0.091,-18.555,62.073,-28.992
0.312,-0.251,-0.132,-22.217,56.763,-26.062
0.297,-0.289,-0.105,-23.743,52.307,-17.761
0.334,-0.278,-0.132,-23.804,48.096,-15.259
0.321,-0.265,-0.143,-26.428,43.030,-12.512
0.316,-0.234,-0.179,-28.931,40.955,-7.324
0.342,-0.250,-0.174,-25.879,42.603,1.709
0.376,-0.256,-0.165,-20.691,44.189,6.958
0.419,-0.218,-0.182,-18.433,41.870,11.169
0.490,-0.173,-0.188,-13.916,37.598,16.296
0.554,-0.150,-0.189,-7.751,28.564,21.790
0.600,-0.126,-0.216,-2.686,15.808,26.733
0.610,-0.128,-0.240,2.014,3.357,29.663
0.613,-0.148,-0.252,4.395,-4.456,30.212
0.611,-0.126,-0.255,4.211,-7.629,29.175
0.596,-0.138,-0.250,4.089,-8.667,29.907
0.604,-0.132,-0.231,4.883,-7.935,30.579
0.611,-0.133,-0.212,6.042,-7.507,30.029
0.623,-0.075,-0.224,8.972,-8.728,27.893
0.600,-0.134,-0.234,12.817,-10.620,30.029
0.620,-0.158,-0.227,14.221,-12.085,30.762
0.611,-0.144,-0.214,11.169,-15.198,31.982
0.593,-0.112,-0.189,9.094,-18.860,33.569
0.581,-0.070,-0.155,10.071,-22.400,35.339
0.560,-0.087,-0.140,11.963,-26.306,38.513
0.547,-0.064,-0.124,13.794,-30.457,40.039
0.537,-0.065,-0.098,15.137,-33.813,40.833
0.542,-0.089,-0.075,17.944,-35.950,41.626
0.537,-0.082,-0.056,22.217,-37.292,41.016
0.528,-0.050,-0.043,25.879,-37.598,39.917
0.531,-0.031,-0.047,29.663,-37.964,39.429
0.552,-0.015,-0.041,33.875,-39.001,40.222
0.564,-0.008,-0.042,35.461,-41.504,41.016
0.563,0.002,-0.050,36.804,-44.678,41.199
0.575,0.011,-0.053,36.682,-47.546,39.917
0.575,0.023,-0.068,35.400,-49.805,38.513
0.594,-0.007,-0.062,35.828,-51.636,38.208
0.607,-0.041,-0.066,37.231,-54.504,40.588
0.614,-0.046,-0.052,37.048,-58.289,46.326
0.639,-0.025,-0.038,36.743,-62.439,53.284
0.683,0.007,-0.047,36.865,-65.430,61.218
0.742,0.051,-0.068,36.316,-68.115,68.604
0.816,0.084,-0.077,33.569,-69.580,73.303
0.863,0.148,-0.089,30.334,-70.435,73.120
0.902,0.164,-0.073,26.123,-69.885,71.106
0.930,0.173,-0.042,23.560,-67.688,67.017
0.994,0.174,0.013,25.208,-66.711,62.744
1.032,0.185,0.092,30.273,-71.655,62.500
1.019,0.183,0.161,36.987,-83.130,65.979
1.026,0.203,0.183,42.603,-97.717,71.960
1.075,0.256,0.178,44.617,-110.168,80.994
1.135,0.228,0.077,43.762,-118.042,92.529
1.400,0.407,0.271,40.039,-122.131,102.783
1.412,0.442,0.103,23.193,-147.583,116.211
1.498,0.421,0.102,20.508,-153.320,96.130
1.559,0.612,0.229,29.663,-125.122,61.646
1.417,0.485,0.240,28.931,-117.798,58.228
1.394,0.398,0.240,25.391,-129.395,57.617
1.353,0.361,0.328,28.931,-121.643,48.157
1.248,0.324,0.289,24.658,-115.356,44.312
1.173,0.276,0.310,18.555,-104.980,38.818
1.157,0.279,0.296,8.667,-85.022,35.034
1.144,0.213,0.298,-2.197,-60.669,35.278
1.274,0.215,0.393,-7.935,-33.936,29.114
1.330,0.227,0.398,-12.512,-20.264,22.949
1.487,0.348,0.467,-11.902,-18.188,19.592
1.508,0.353,0.431,-10.315,-32.654,25.757
1.498,0.347,0.370,-5.493,-49.072,26.001
1.437,0.369,0.299,2.625,-51.270,18.921

